1.774,-0.598,0.938,14.709,54.077,34.058
2.007,-0.779,0.869,7.935,63.660,73.608
2.250,-0.719,0.509,5.188,65.247,129.456
2.336,-0.666,0.130,13.550,66.162,187.195
2.089,-0.716,0.101,33.203,53.467,231.262
1.772,-0.734,-0.016,53.223,45.288,269.897
1.271,-0.696,0.020,75.806,36.377,301.147
0.732,-0.700,0.224,97.107,22.888,321.045
0.125,-0.670,0.517,111.023,5.066,325.439
-0.507,-0.496,0.826,115.479,-16.541,314.941
-1.102,-0.432,1.215,112.305,-37.964,289.307
-1.731,-0.340,1.598,102.905,-51.941,252.808
-2.305,-0.243,1.931,88.684,-59.021,209.290
-2.707,-0.237,2.086,71.838,-56.763,156.677
-2.874,-0.265,2.037,51.147,-43.152,96.619
-2.829,-0.328,2.008,31.738,-27.100,36.743
-2.304,-0.327,1.918,14.832,-10.803,-16.846
-1.528,-0.392,1.733,-1.709,1.709,-55.786
-1.194,-0.339,1.477,-21.973,13.306,-88.196
-0.975,-0.459,1.386,-39.551,27.954,-119.690
-0.845,-0.588,1.327,-54.932,21.790,-152.222
-0.687,-0.736,1.235,-67.932,11.169,-181.213
-0.556,-0.825,1.135,-78.552,1.587,-206.238
-0.335,-0.871,1.039,-86.670,-4.395,-225.891
-0.134,-0.841,0.906,-91.492,-7.446,-240.662
0.043,-0.783,0.740,-93.445,-7.690,-248.657
0.175,-0.626,0.621,-90.576,-5.371,-251.343
0.314,-0.578,0.565,-83.740,-4.944,-253.174
0.486,-0.517,0.517,-75.745,-4.761,-252.014
0.658,-0.444,0.432,-67.505,-5.127,-247.559
0.864,-0.318,0.362,-58.655,-5.249,-239.685
1.043,-0.218,0.264,-48.645,-4.272,-227.051
1.204,-0.055,0.182,-38.086,-1.160,-209.229
1.370,0.052,0.234,-24.475,2.197,-187.866
1.578,0.063,0.350,-10.193,5.920,-164.856
1.783,0.020,0.417,0.366,10.986,-138.000
1.960,-0.050,0.520,10.620,16.357,-105.530
2.049,-0.179,0.616,21.729,19.531,-69.153
1.976,-0.302,0.677,30.396,20.264,-30.579
1.470,-0.313,0.821,35.339,13.550,2.380
0.723,-0.359,1.131,37.170,-2.136,18.677
0.224,-0.397,1.334,32.837,-15.137,22.034
-0.046,-0.337,1.292,22.400,-17.090,22.278
-0.114,-0.267,1.174,16.052,-14.771,22.461
-0.078,-0.228,1.058,14.404,-9.705,22.217
-0.035,-0.181,0.958,12.939,-4.150,20.996
0.011,-0.134,0.906,12.573,-1.160,18.494
0.056,-0.148,0.929,12.756,-0.183,13.977
0.100,-0.170,0.951,12.329,-1.099,8.972
0.122,-0.179,0.953,11.292,-1.953,4.883
0.154,-0.180,0.961,10.071,-2.380,1.953
0.184,-0.190,0.968,9.338,-2.563,-0.061
0.205,-0.194,0.962,8.667,-2.625,-0.793
0.217,-0.191,0.968,8.362,-2.930,-0.610
0.228,-0.207,0.989,8.728,-3.296,0.000
0.218,-0.213,0.997,8.667,-2.991,1.038
0.209,-0.216,0.996,8.423,-1.953,2.136
0.202,-0.219,1.001,7.751,-0.793,2.869
0.197,-0.221,1.001,6.470,0.549,3.296
0.186,-0.214,0.978,4.700,1.648,3.357
0.188,-0.193,0.959,3.174,2.014,3.113
0.204,-0.181,0.939,2.380,1.587,2.319
0.224,-0.172,0.916,1.770,1.282,1.648
0.238,-0.166,0.902,1.526,0.610,0.854
0.238,-0.162,0.901,1.648,-0.366,0.549
0.229,-0.164,0.905,1.953,-1.526,0.488
0.218,-0.167,0.914,2.319,-2.136,0.671
0.212,-0.170,0.922,2.991,-2.197,0.732
0.211,-0.172,0.928,3.601,-2.258,0.732
0.212,-0.174,0.931,4.272,-2.075,1.099
0.210,-0.175,0.936,4.822,-1.953,1.404
0.213,-0.180,0.946,5.432,-1.709,1.526
0.215,-0.187,0.954,5.615,-1.160,1.770
0.216,-0.193,0.958,5.859,-0.793,1.953
0.214,-0.191,0.951,5.432,-0.916,2.197
0.213,-0.183,0.940,5.005,-1.282,2.258
0.213,-0.175,0.928,4.700,-1.709,2.075
0.214,-0.172,0.921,4.395,-1.892,1.892
0.214,-0.172,0.919,4.272,-2.014,1.709
0.211,-0.171,0.921,4.211,-2.197,1.404
0.208,-0.170,0.923,4.272,-2.441,1.465
0.208,-0.171,0.925,4.517,-2.563,1.343
0.207,-0.173,0.929,4.578,-2.502,1.404
0.212,-0.181,0.944,4.944,-2.197,1.465
0.212,-0.188,0.949,5.005,-1.831,1.648
0.208,-0.185,0.943,4.944,-1.526,1.892
0.203,-0.178,0.935,4.883,-1.465,2.014
0.202,-0.176,0.932,4.883,-1.282,2.258
0.199,-0.172,0.925,5.127,-1.343,2.319
0.198,-0.168,0.920,5.371,-1.221,2.075
0.199,-0.170,0.925,5.493,-1.160,2.075
0.201,-0.174,0.927,5.798,-1.038,2.014
0.199,-0.174,0.925,5.737,-0.977,1.770
0.199,-0.175,0.929,5.920,-1.221,1.465
0.202,-0.178,0.936,5.859,-1.343,1.282
0.202,-0.183,0.940,5.920,-1.221,1.099
0.200,-0.184,0.942,5.859,-1.282,1.099
0.199,-0.182,0.941,5.859,-1.221,1.099
0.199,-0.179,0.931,5.798,-1.099,1.038
0.200,-0.173,0.924,5.981,-1.038,1.099
0.202,-0.172,0.928,6.226,-0.916,1.282
0.206,-0.181,0.939,6.897,-0.610,1.343
0.209,-0.189,0.945,6.897,-0.488,1.099
0.207,-0.189,0.942,6.836,-0.549,1.282
0.208,-0.187,0.942,6.409,-0.732,1.221
0.204,-0.186,0.938,6.042,-0.732,1.221
0.199,-0.181,0.930,5.859,-0.793,1.160
0.198,-0.181,0.934,5.798,-1.099,1.038
0.198,-0.183,0.936,5.676,-1.038,0.854
0.199,-0.183,0.934,5.737,-1.038,0.854
0.200,-0.182,0.934,5.737,-1.099,0.977
0.202,-0.182,0.936,5.798,-1.160,0.854
0.204,-0.182,0.935,5.798,-0.916,0.854
0.205,-0.185,0.938,5.981,-0.793,1.038
0.207,-0.189,0.943,5.981,-0.671,0.977
0.210,-0.191,0.946,5.737,-0.671,0.977
0.207,-0.193,0.948,5.676,-0.488,1.038
0.203,-0.191,0.943,5.371,-0.366,1.038
0.202,-0.187,0.939,5.188,-0.488,0.916
1.879,-0.454,0.798,10.559,17.578,92.529
1.981,-0.610,0.733,17.090,20.630,132.751
1.847,-0.577,0.527,22.644,20.264,175.659
1.648,-0.595,0.462,29.663,18.433,212.891
1.312,-0.683,0.490,41.138,16.907,242.798
0.940,-0.692,0.514,52.612,17.273,266.663
0.481,-0.742,0.552,62.378,16.174,283.447
-0.004,-0.644,0.628,70.129,13.794,290.161
-0.445,-0.583,0.865,76.660,6.226,284.790
-0.860,-0.533,1.184,78.125,-1.526,267.090
-1.268,-0.450,1.406,71.594,-7.202,240.479
-1.626,-0.327,1.573,59.875,-11.780,206.665
-1.900,-0.294,1.664,47.058,-14.465,165.894
-2.081,-0.221,1.701,31.799,-13.062,120.178
-2.119,-0.193,1.678,16.235,-8.789,70.618
-2.040,-0.160,1.575,2.502,-4.395,22.583
-1.470,-0.135,1.449,-6.958,1.038,-18.555
-0.840,-0.164,1.187,-14.404,10.437,-47.119
-0.515,-0.175,1.077,-23.376,13.367,-72.021
-0.420,-0.230,1.106,-27.893,10.620,-90.820
-0.462,-0.351,1.140,-33.020,2.563,-110.901
-0.475,-0.475,1.149,-39.978,-6.897,-133.057
-0.478,-0.600,1.146,-46.448,-15.381,-155.090
-0.413,-0.659,1.115,-53.223,-17.822,-174.377
-0.308,-0.629,1.052,-58.411,-14.954,-188.538
-0.220,-0.578,0.969,-61.035,-11.841,-198.486
-0.183,-0.505,0.833,-61.829,-9.338,-206.787
-0.043,-0.430,0.727,-60.059,-6.653,-214.172
0.123,-0.424,0.642,-55.786,-4.456,-219.482
0.310,-0.356,0.581,-50.720,-2.563,-221.558
0.531,-0.275,0.580,-43.762,-0.305,-218.506
0.778,-0.217,0.591,-36.743,4.150,-210.693
0.996,-0.215,0.619,-30.334,8.301,-198.242
1.220,-0.180,0.584,-25.024,12.817,-181.213
1.440,-0.181,0.597,-19.470,15.625,-160.767
1.630,-0.214,0.620,-12.817,17.761,-136.353
1.788,-0.206,0.629,-6.653,17.944,-108.032
1.850,-0.190,0.620,-0.732,16.663,-75.989
1.806,-0.179,0.583,5.737,13.977,-42.236
1.576,-0.184,0.599,13.428,9.766,-11.169
0.964,-0.184,0.783,19.592,0.122,10.803
0.364,-0.217,1.028,22.705,-12.512,19.714
-0.014,-0.215,1.106,21.484,-18.311,21.912
-0.180,-0.198,1.089,18.494,-17.822,19.409
-0.197,-0.201,1.065,16.113,-13.489,14.954
-0.146,-0.193,1.023,14.526,-7.874,10.376
-0.043,-0.181,0.964,12.634,-3.784,6.409
0.072,-0.144,0.945,11.108,-1.770,2.747
0.214,-0.155,0.924,10.742,-0.244,-0.244
0.315,-0.163,0.903,10.681,0.183,-1.343
0.350,-0.165,0.897,10.986,-1.221,-1.160
0.331,-0.179,0.937,11.536,-3.540,-0.427
0.288,-0.207,0.992,11.719,-5.554,0.183
0.232,-0.225,1.020,10.986,-6.897,0.977
0.186,-0.224,1.033,9.338,-7.385,2.136
0.161,-0.215,1.024,8.057,-6.470,3.235
0.151,-0.211,1.004,6.897,-4.761,3.906
0.149,-0.196,0.983,5.859,-3.296,4.211
0.158,-0.180,0.959,5.188,-2.197,4.211
0.173,-0.170,0.938,4.883,-1.404,3.540
0.191,-0.162,0.925,4.822,-1.160,2.563
0.209,-0.166,0.925,4.944,-1.343,1.648
0.218,-0.170,0.926,4.944,-1.953,0.916
0.222,-0.171,0.931,4.700,-2.808,0.549
0.225,-0.175,0.935,4.517,-3.357,0.305
0.223,-0.175,0.931,4.395,-3.418,0.610
0.219,-0.170,0.926,4.333,-3.540,0.977
0.220,-0.172,0.943,4.700,-3.601,1.465
0.222,-0.182,0.954,5.310,-3.357,1.953
0.214,-0.184,0.949,5.432,-3.113,2.808
0.203,-0.180,0.946,5.493,-2.808,3.601
0.195,-0.175,0.942,5.493,-2.502,3.845
0.189,-0.170,0.932,5.432,-2.136,3.845
0.187,-0.168,0.926,5.737,-2.075,3.418
0.188,-0.168,0.927,5.920,-2.136,3.296
0.188,-0.167,0.928,5.859,-2.258,2.991
0.194,-0.171,0.933,5.737,-2.075,2.625
0.194,-0.172,0.931,5.737,-2.136,2.319
0.194,-0.170,0.931,5.615,-2.502,2.319
0.198,-0.175,0.944,5.737,-2.563,2.380
0.199,-0.182,0.947,5.981,-2.441,2.197
0.196,-0.179,0.941,5.737,-2.136,2.197
0.189,-0.172,0.933,5.554,-2.075,2.319
0.181,-0.166,0.925,5.859,-1.831,2.380
0.172,-0.163,0.922,6.165,-1.587,2.197
0.172,-0.166,0.924,6.592,-1.465,1.892
0.174,-0.165,0.924,7.141,-1.343,1.648
0.182,-0.171,0.936,7.568,-1.038,1.343
0.193,-0.184,0.949,7.751,-0.977,1.099
0.187,-0.204,0.946,7.507,-0.732,1.038
0.193,-0.183,0.955,7.141,-1.160,1.099
0.199,-0.189,0.952,6.897,-1.404,0.732
0.195,-0.184,0.943,6.226,-0.977,0.793
0.191,-0.180,0.943,5.798,-1.099,0.916
0.194,-0.185,0.952,5.737,-1.038,0.793
0.195,-0.190,0.951,5.737,-0.793,0.793
0.197,-0.188,0.951,5.432,-0.488,0.916
0.196,-0.185,0.945,5.188,-0.488,1.160
0.195,-0.179,0.934,5.066,-0.366,1.221
0.198,-0.178,0.935,5.005,-0.488,1.221
0.198,-0.179,0.935,5.188,-0.488,1.343
0.198,-0.180,0.941,5.310,-0.610,1.160
0.200,-0.190,0.958,5.249,-0.916,1.221
0.197,-0.191,0.952,5.127,-0.732,1.282
0.193,-0.184,0.944,4.578,-0.427,1.343
0.196,-0.187,0.953,4.395,-0.366,1.099
0.192,-0.186,0.943,4.395,0.000,1.221
0.194,-0.180,0.936,3.723,0.244,1.221
0.195,-0.176,0.935,3.845,0.122,1.221
0.194,-0.176,0.931,4.028,0.366,1.221
0.196,-0.177,0.933,4.333,0.122,1.099
0.200,-0.182,0.943,4.700,0.061,1.343
0.197,-0.183,0.940,4.517,0.000,1.465
0.194,-0.180,0.938,4.395,0.000,1.587
0.196,-0.179,0.938,4.456,-0.183,1.404
0.197,-0.179,0.937,4.333,-0.122,1.404
0.198,-0.181,0.940,4.395,-0.183,1.404
0.199,-0.181,0.939,4.395,-0.244,1.282
0.196,-0.181,0.936,4.272,-0.122,1.343
1.569,-0.418,0.757,2.319,15.930,84.778
1.561,-0.345,0.571,4.333,15.564,116.577
1.471,-0.291,0.431,10.315,13.123,145.508
1.349,-0.242,0.318,21.057,9.949,172.363
1.133,-0.269,0.318,34.363,6.409,195.984
0.854,-0.314,0.449,49.744,4.395,215.210
0.473,-0.445,0.612,61.829,2.502,228.394
0.041,-0.477,0.837,67.688,-0.488,233.032
-0.294,-0.525,1.004,69.397,-4.028,228.516
-0.578,-0.488,1.137,67.200,-7.629,217.407
-0.848,-0.450,1.223,61.646,-8.301,201.233
-1.021,-0.417,1.300,55.359,-4.761,181.274
-1.202,-0.394,1.360,47.607,-2.380,157.349
-1.287,-0.357,1.461,38.513,-1.282,128.296
-1.362,-0.306,1.517,27.710,0.183,96.069
-1.348,-0.251,1.477,16.113,0.977,62.378
-1.239,-0.182,1.440,5.249,2.991,28.748
-0.880,-0.156,1.356,-2.319,5.676,-0.854
-0.281,-0.140,1.088,-7.446,12.756,-19.226
0.147,-0.137,0.886,-9.888,17.822,-28.015
0.383,-0.118,0.786,-9.583,16.724,-30.823
0.461,-0.099,0.755,-8.789,11.902,-31.860
0.468,-0.094,0.745,-8.301,5.981,-31.921
0.411,-0.117,0.781,-6.470,-0.916,-31.921
0.306,-0.145,0.858,-4.578,-6.409,-32.471
0.187,-0.182,0.952,-3.357,-9.949,-33.020
0.058,-0.222,1.047,-3.479,-10.742,-34.119
-0.110,-0.247,1.116,-5.798,-8.423,-35.889
-0.293,-0.236,1.149,-9.460,-4.333,-39.612
-0.483,-0.244,1.169,-13.794,-1.831,-48.340
-0.612,-0.254,1.210,-18.555,-0.366,-63.110
-0.683,-0.287,1.188,-24.109,0.183,-81.665
-0.717,-0.290,1.132,-29.785,0.549,-102.478
-0.661,-0.279,1.071,-34.119,1.099,-123.047
-0.552,-0.318,1.006,-37.109,2.380,-141.479
-0.380,-0.349,0.984,-38.879,4.089,-157.837
-0.147,-0.384,0.951,-40.588,6.104,-170.410
0.056,-0.353,0.924,-41.504,7.446,-178.406
0.345,-0.419,0.938,-41.199,9.033,-182.434
0.577,-0.414,0.903,-42.114,10.620,-180.908
0.773,-0.370,0.801,-42.969,12.329,-172.668
0.892,-0.294,0.716,-41.809,12.817,-160.217
1.004,-0.247,0.676,-37.964,11.841,-146.484
1.092,-0.206,0.641,-33.203,10.437,-131.287
1.134,-0.151,0.616,-27.832,7.874,-114.990
1.174,-0.116,0.605,-21.851,5.066,-97.961
1.199,-0.116,0.592,-15.198,3.540,-79.163
1.187,-0.094,0.614,-8.728,2.563,-59.387
1.177,-0.094,0.649,-2.197,2.136,-39.856
1.117,-0.087,0.664,3.845,1.831,-19.958
0.947,-0.091,0.678,9.277,0.977,-1.831
0.569,-0.107,0.804,14.343,-3.418,10.376
0.245,-0.130,0.947,17.822,-9.216,14.832
0.057,-0.152,1.001,18.494,-12.268,14.038
-0.023,-0.152,1.001,17.517,-12.024,11.475
-0.022,-0.168,1.007,16.663,-10.376,8.118
0.021,-0.169,1.012,15.381,-8.118,5.310
0.097,-0.160,0.998,14.099,-5.798,3.113
0.173,-0.167,0.970,12.878,-4.089,1.831
0.236,-0.163,0.947,11.963,-3.296,1.343
0.269,-0.156,0.936,11.475,-3.418,1.587
0.274,-0.161,0.949,11.292,-4.028,1.770
0.253,-0.172,0.965,10.681,-4.761,1.953
0.221,-0.170,0.968,10.010,-5.371,2.258
0.193,-0.166,0.974,9.216,-5.737,2.319
0.176,-0.169,0.984,8.911,-5.737,2.319
0.164,-0.168,0.977,8.667,-5.249,2.319
0.166,-0.171,0.982,8.118,-4.456,2.441
0.177,-0.184,0.996,8.057,-3.601,2.075
0.184,-0.184,0.985,7.080,-2.808,1.953
0.188,-0.173,0.965,5.981,-2.563,1.648
0.199,-0.165,0.959,5.188,-2.441,1.404
0.208,-0.162,0.946,4.944,-2.258,1.099
0.211,-0.156,0.932,4.700,-2.319,1.160
0.212,-0.150,0.926,4.761,-2.625,1.160
0.212,-0.148,0.928,4.761,-2.747,1.099
0.211,-0.153,0.930,4.883,-2.747,1.221
0.205,-0.150,0.927,5.066,-2.869,1.526
0.203,-0.152,0.937,5.676,-2.686,1.648
0.206,-0.163,0.954,5.981,-2.563,1.709
0.203,-0.166,0.952,5.859,-2.258,1.892
0.197,-0.162,0.945,5.615,-2.197,1.953
0.191,-0.156,0.941,5.493,-2.136,2.136
0.189,-0.154,0.941,5.554,-2.136,1.953
0.193,-0.160,0.946,5.676,-1.892,1.831
0.196,-0.162,0.943,5.493,-1.709,1.770
0.195,-0.159,0.942,5.371,-1.343,1.709
0.196,-0.160,0.947,5.493,-1.587,1.587
0.196,-0.163,0.948,5.188,-1.526,1.587
0.194,-0.161,0.942,5.066,-1.709,1.404
0.195,-0.156,0.938,4.822,-1.648,1.221
0.197,-0.156,0.943,4.883,-1.587,1.160
0.200,-0.165,0.950,5.188,-1.343,1.221
0.197,-0.164,0.946,4.944,-1.221,1.343
0.193,-0.159,0.942,4.700,-1.160,1.404
0.189,-0.153,0.934,4.822,-1.038,1.343
0.188,-0.149,0.923,5.066,-0.916,1.343
0.191,-0.147,0.927,5.310,-0.916,1.221
0.203,-0.162,0.952,5.981,-0.916,1.038
0.208,-0.174,0.962,5.859,-0.671,1.160
0.204,-0.172,0.959,5.249,-0.549,1.160
0.200,-0.166,0.952,4.700,-0.732,1.343
0.195,-0.159,0.941,4.517,-0.793,1.221
0.193,-0.155,0.934,4.395,-0.916,1.221
0.197,-0.159,0.942,4.639,-0.977,0.977
0.199,-0.163,0.947,4.639,-0.671,1.038
0.199,-0.166,0.949,4.456,-0.488,1.160
0.198,-0.163,0.944,4.517,-0.427,1.221
0.194,-0.158,0.937,4.395,-0.549,1.160
0.194,-0.154,0.932,4.395,-0.427,1.099
0.195,-0.152,0.931,4.639,-0.549,1.282
0.197,-0.157,0.939,4.944,-0.610,1.160
0.200,-0.163,0.945,5.127,-0.549,1.099
0.198,-0.164,0.946,5.005,-0.305,1.160
0.197,-0.162,0.944,4.944,-0.427,1.221
0.196,-0.159,0.939,4.944,-0.427,1.160
0.196,-0.157,0.936,4.822,-0.427,0.977
0.197,-0.159,0.941,4.822,-0.488,1.099
0.201,-0.165,0.950,4.883,-0.366,1.038
2.171,-0.441,0.673,27.222,16.907,84.351
2.405,-0.629,0.629,35.828,20.752,129.883
2.391,-0.790,0.569,43.701,22.339,182.678
2.101,-0.870,0.500,52.917,20.447,234.741
1.693,-0.874,0.391,63.293,17.029,278.625
1.250,-0.958,0.444,74.097,13.550,311.523
0.739,-1.023,0.608,85.571,12.024,333.130
0.136,-1.011,0.732,92.468,7.507,343.384
-0.440,-0.914,0.943,93.933,0.732,340.454
-1.034,-0.810,1.215,91.125,-7.507,323.792
-1.609,-0.646,1.529,84.106,-17.761,294.983
-2.188,-0.430,1.777,68.787,-23.254,254.150
-2.486,-0.240,1.849,48.035,-17.822,200.317
-2.612,-0.132,1.892,27.039,-10.437,137.390
-2.509,-0.085,1.838,9.705,-7.935,73.242
-2.317,-0.089,1.708,-2.625,-4.395,15.747
-1.513,-0.119,1.527,-12.695,-0.183,-29.358
-0.801,-0.197,1.247,-22.400,10.559,-60.730
-0.359,-0.187,1.054,-31.250,22.400,-81.055
-0.144,-0.237,1.012,-38.208,20.996,-98.572
-0.034,-0.270,0.951,-44.556,9.216,-112.793
-0.025,-0.319,0.901,-49.011,-4.211,-125.305
0.031,-0.359,0.924,-50.598,-12.817,-134.460
0.070,-0.419,0.897,-50.476,-20.569,-142.883
0.082,-0.426,0.835,-49.438,-23.376,-148.132
0.163,-0.371,0.877,-47.058,-19.348,-150.085
0.186,-0.340,0.890,-44.739,-14.893,-149.963
0.164,-0.266,0.802,-42.969,-10.925,-148.987
0.140,-0.204,0.727,-40.527,-7.690,-148.193
0.108,-0.179,0.703,-36.499,-5.981,-148.743
0.123,-0.142,0.696,-32.104,-4.517,-149.963
0.188,-0.167,0.676,-27.771,-2.563,-150.696
0.252,-0.130,0.670,-23.315,-1.282,-149.963
0.380,-0.144,0.717,-17.700,-0.244,-148.071
0.492,-0.202,0.785,-12.207,0.916,-145.142
0.605,-0.232,0.814,-8.362,2.136,-139.465
0.723,-0.247,0.897,-5.249,3.845,-130.676
0.888,-0.331,1.006,-3.113,5.920,-121.582
1.005,-0.324,1.005,-4.639,8.545,-107.544
1.026,-0.278,0.944,-7.690,10.803,-89.722
0.995,-0.253,0.905,-9.216,11.414,-72.449
0.918,-0.207,0.882,-8.911,10.559,-56.274
0.810,-0.172,0.841,-6.836,8.057,-41.199
0.674,-0.143,0.828,-5.188,4.639,-30.151
0.563,-0.116,0.821,-3.479,2.014,-21.729
0.472,-0.090,0.812,-1.465,0.122,-15.320
0.403,-0.074,0.812,1.038,-0.793,-10.437
0.353,-0.086,0.848,3.784,-1.282,-6.836
0.322,-0.107,0.867,6.409,-0.916,-4.395
0.294,-0.115,0.865,7.935,-0.549,-2.014
0.268,-0.114,0.874,9.399,-1.038,-0.244
0.250,-0.120,0.903,10.742,-2.319,0.671
0.241,-0.134,0.919,11.841,-3.296,1.160
0.237,-0.132,0.908,12.207,-4.089,1.343
0.240,-0.128,0.913,12.634,-4.883,1.465
0.247,-0.144,0.934,13.367,-5.554,1.404
0.246,-0.146,0.946,13.794,-6.287,1.465
0.233,-0.165,0.954,13.916,-7.080,1.770
0.223,-0.168,0.963,13.367,-7.629,1.648
0.224,-0.183,0.987,12.756,-8.667,1.465
0.215,-0.184,0.979,11.475,-8.911,1.282
0.194,-0.174,0.963,9.949,-9.155,1.160
0.182,-0.164,0.954,8.728,-8.911,1.160
0.174,-0.158,0.951,7.996,-8.667,0.977
0.170,-0.153,0.944,7.874,-8.606,0.610
0.171,-0.149,0.943,7.874,-8.423,0.671
0.182,-0.158,0.964,8.362,-8.057,0.549
0.188,-0.172,0.974,8.728,-7.507,0.427
0.180,-0.170,0.969,8.728,-6.836,0.977
0.170,-0.170,0.965,8.545,-6.348,1.648
0.163,-0.168,0.963,8.484,-5.798,1.709
0.160,-0.166,0.957,8.362,-5.371,1.465
0.167,-0.164,0.953,7.935,-4.944,1.404
0.174,-0.161,0.946,7.629,-4.761,1.282
0.178,-0.161,0.947,7.507,-4.700,1.099
0.182,-0.165,0.953,7.324,-4.517,0.916
0.183,-0.172,0.962,7.141,-4.395,0.671
0.183,-0.174,0.965,7.019,-4.333,0.549
0.177,-0.172,0.962,6.775,-4.089,0.610
0.173,-0.167,0.953,6.409,-3.723,0.793
0.169,-0.161,0.944,6.104,-3.540,0.793
0.174,-0.161,0.945,6.042,-3.174,0.854
0.176,-0.162,0.943,6.226,-2.930,0.854
0.179,-0.164,0.944,6.287,-2.808,1.038
0.182,-0.173,0.962,6.165,-2.563,1.038
0.178,-0.180,0.971,5.920,-2.625,1.038
0.173,-0.177,0.961,5.432,-2.197,1.099
0.168,-0.170,0.950,5.066,-1.831,1.282
0.167,-0.163,0.944,4.822,-1.587,1.465
0.174,-0.163,0.950,4.944,-1.160,1.343
0.178,-0.172,0.957,4.761,-1.038,1.221
0.177,-0.169,0.947,4.578,-0.916,1.282
0.177,-0.161,0.938,4.517,-0.610,1.160
0.179,-0.158,0.932,4.578,-0.732,1.221
0.180,-0.156,0.930,4.578,-1.099,1.221
0.187,-0.164,0.951,5.127,-1.465,0.977
0.186,-0.177,0.961,5.310,-1.465,0.977
0.172,-0.172,0.954,4.883,-1.282,1.099
0.167,-0.166,0.950,4.456,-1.099,1.282
0.169,-0.162,0.944,4.333,-0.549,1.404
0.175,-0.164,0.949,4.395,-0.244,1.404
0.182,-0.173,0.958,4.517,-0.244,1.404
0.177,-0.169,0.947,4.333,0.122,1.465
0.176,-0.162,0.940,4.272,0.061,1.465
0.177,-0.158,0.936,4.089,0.000,1.343
0.181,-0.160,0.935,4.089,-0.427,1.221
0.182,-0.165,0.945,4.333,-0.610,1.221
0.179,-0.166,0.948,4.639,-0.732,1.221
0.175,-0.166,0.945,4.517,-0.793,1.343
0.173,-0.163,0.943,4.456,-0.793,1.465
0.176,-0.164,0.945,4.395,-0.671,1.465
0.177,-0.165,0.948,4.517,-0.671,1.404
0.177,-0.167,0.950,4.517,-0.793,1.526
0.176,-0.166,0.947,4.456,-0.549,1.587
0.176,-0.162,0.943,4.211,-0.488,1.404
0.177,-0.162,0.943,4.333,-0.549,1.404
0.177,-0.162,0.939,4.272,-0.732,1.343
0.178,-0.161,0.939,4.333,-1.221,1.282
0.176,-0.159,0.937,4.456,-1.343,1.221
1.892,-0.506,0.881,-1.587,18.188,76.538
2.000,-0.411,0.478,-3.540,24.048,120.850
1.947,-0.331,0.222,2.930,26.123,165.100
1.772,-0.345,0.151,19.287,21.362,202.698
1.482,-0.455,0.227,40.894,19.775,236.328
1.042,-0.596,0.309,58.838,19.897,264.465
0.536,-0.645,0.506,70.801,17.700,283.752
0.016,-0.718,0.806,78.674,12.329,291.199
-0.582,-0.672,1.076,80.933,3.662,286.133
-1.102,-0.548,1.282,74.646,-2.808,267.212
-1.555,-0.464,1.474,63.171,-5.493,237.793
-1.865,-0.361,1.584,51.575,-9.460,201.294
-2.076,-0.274,1.627,41.138,-13.245,160.217
-2.129,-0.223,1.665,27.893,-11.475,112.610
-2.099,-0.191,1.679,14.099,-8.667,62.012
-1.877,-0.137,1.613,0.183,-4.639,12.390
-1.136,-0.146,1.401,-8.972,2.380,-25.879
-0.472,-0.171,1.062,-13.672,11.414,-48.340
-0.162,-0.162,0.938,-16.785,8.362,-63.293
-0.001,-0.147,0.934,-23.071,2.502,-77.332
-0.030,-0.176,0.932,-25.940,-4.822,-87.341
-0.112,-0.279,0.949,-27.222,-15.198,-98.450
-0.212,-0.372,0.992,-27.588,-21.851,-107.971
-0.292,-0.427,1.062,-28.625,-25.330,-118.896
-0.307,-0.430,1.084,-31.555,-24.658,-129.822
-0.313,-0.414,1.056,-34.241,-23.804,-141.052
-0.322,-0.415,1.026,-35.645,-22.217,-151.733
-0.269,-0.391,0.975,-36.377,-19.409,-162.659
-0.169,-0.375,0.905,-36.804,-15.625,-171.143
-0.042,-0.341,0.811,-36.316,-10.742,-176.514
0.122,-0.262,0.778,-34.119,-5.798,-178.284
0.315,-0.245,0.803,-31.250,-2.258,-177.734
0.503,-0.180,0.784,-28.625,1.648,-172.729
0.686,-0.142,0.776,-25.940,5.066,-163.757
0.862,-0.121,0.771,-22.400,7.141,-153.381
1.010,-0.124,0.750,-19.165,8.362,-139.893
1.094,-0.126,0.687,-15.686,7.935,-124.268
1.171,-0.116,0.699,-10.986,5.920,-108.032
1.211,-0.117,0.723,-5.737,4.517,-89.294
1.211,-0.083,0.697,-2.319,4.578,-68.848
1.175,-0.082,0.755,1.587,4.822,-47.485
1.081,-0.105,0.822,6.775,4.944,-26.794
0.899,-0.116,0.825,10.925,4.517,-6.958
0.563,-0.116,0.862,13.794,1.465,6.836
0.211,-0.132,0.973,15.320,-3.906,12.756
-0.023,-0.144,1.031,15.198,-6.958,11.780
-0.120,-0.149,1.030,13.855,-7.507,7.629
-0.102,-0.144,1.004,12.451,-6.592,2.869
-0.002,-0.135,0.967,11.597,-4.578,-0.793
0.129,-0.131,0.918,11.047,-2.258,-2.563
0.243,-0.107,0.882,10.925,0.122,-2.319
0.294,-0.095,0.858,11.536,0.977,-1.099
0.293,-0.105,0.887,13.245,-0.854,0.244
0.269,-0.128,0.934,14.771,-3.296,1.038
0.227,-0.154,0.960,15.625,-5.066,1.526
0.178,-0.162,0.978,15.564,-6.958,2.197
0.133,-0.165,0.994,14.893,-7.751,2.502
0.105,-0.170,1.016,14.221,-7.874,2.563
0.092,-0.181,1.023,13.794,-7.080,2.258
0.097,-0.181,1.015,12.329,-5.920,1.709
0.119,-0.175,1.001,10.742,-5.127,1.160
0.143,-0.165,0.983,9.521,-4.578,0.610
0.160,-0.158,0.967,8.606,-4.089,0.366
0.174,-0.155,0.976,7.751,-3.662,0.183
0.183,-0.176,1.000,7.385,-3.418,-0.366
0.174,-0.179,0.990,6.409,-3.235,0.061
0.152,-0.163,0.972,5.066,-3.174,0.671
0.140,-0.152,0.969,4.333,-3.296,0.854
0.139,-0.149,0.963,4.578,-3.052,1.038
0.142,-0.146,0.950,4.639,-2.686,1.282
0.152,-0.145,0.949,5.249,-2.502,1.404
0.158,-0.147,0.949,5.859,-2.441,1.526
0.157,-0.144,0.945,6.226,-2.380,1.221
0.157,-0.151,0.954,6.470,-2.686,0.977
0.157,-0.160,0.967,6.287,-2.686,0.977
0.156,-0.163,0.974,5.737,-2.686,0.916
0.151,-0.164,0.971,5.066,-2.502,1.038
0.141,-0.160,0.968,4.456,-2.197,1.160
0.136,-0.157,0.966,4.333,-2.014,1.099
0.140,-0.150,0.961,3.906,-1.465,1.160
0.152,-0.151,0.961,3.967,-1.099,1.160
0.156,-0.153,0.954,4.150,-1.160,1.221
0.149,-0.146,0.942,4.272,-1.282,1.465
0.143,-0.140,0.942,4.639,-1.526,1.282
0.150,-0.148,0.955,5.066,-1.465,1.099
0.151,-0.156,0.958,5.188,-1.282,1.038
0.147,-0.154,0.952,5.005,-1.099,1.160
0.140,-0.149,0.950,4.639,-1.099,1.465
0.138,-0.146,0.945,5.005,-1.038,1.587
0.145,-0.147,0.953,4.944,-0.977,1.465
0.155,-0.161,0.972,5.005,-0.916,1.221
0.153,-0.161,0.958,4.700,-0.793,1.160
0.145,-0.152,0.951,4.211,-0.793,1.404
0.143,-0.146,0.948,3.967,-0.793,1.282
0.143,-0.145,0.942,4.089,-0.732,1.099
0.145,-0.147,0.942,4.211,-0.916,1.160
0.147,-0.146,0.945,4.272,-0.793,1.221
0.156,-0.152,0.960,4.211,-0.793,1.221
0.159,-0.158,0.965,4.150,-0.793,1.221
0.148,-0.157,0.961,4.028,-0.854,1.526
0.142,-0.152,0.959,4.150,-0.916,1.648
0.141,-0.148,0.952,3.967,-0.671,1.587
0.144,-0.146,0.946,4.028,-0.610,1.587
0.148,-0.146,0.944,3.906,-0.488,1.709
0.149,-0.144,0.942,4.089,-0.671,1.709
0.151,-0.147,0.955,4.089,-1.038,1.709
0.152,-0.155,0.970,4.089,-1.038,1.648
0.146,-0.157,0.966,4.150,-0.793,1.343
0.143,-0.153,0.959,4.150,-0.793,1.587
0.143,-0.147,0.953,4.028,-0.610,1.648
0.145,-0.144,0.946,4.089,-0.305,1.587
0.148,-0.146,0.949,4.333,-0.488,1.648
0.149,-0.149,0.958,4.578,-0.610,1.587
0.147,-0.152,0.957,4.517,-0.732,1.465
0.144,-0.150,0.954,4.211,-0.610,1.587
0.145,-0.148,0.955,4.150,-0.549,1.526
0.145,-0.148,0.951,4.272,-0.427,1.465
0.149,-0.149,0.958,4.272,-0.366,1.465
0.149,-0.153,0.963,4.333,-0.427,1.404
1.794,-0.484,0.868,0.488,20.691,93.994
1.725,-0.396,0.568,-2.136,23.621,136.230
1.604,-0.334,0.416,4.150,24.719,172.974
1.394,-0.345,0.418,17.395,23.743,205.627
1.080,-0.466,0.493,32.104,19.836,230.408
0.691,-0.513,0.542,41.809,16.418,248.047
0.199,-0.484,0.669,49.072,12.268,258.789
-0.225,-0.475,0.901,54.688,6.165,258.850
-0.696,-0.458,1.101,56.274,-0.488,248.108
-1.060,-0.394,1.187,50.903,-2.563,228.210
-1.382,-0.344,1.336,43.945,-3.662,200.989
-1.608,-0.312,1.446,37.842,-5.920,170.227
-1.799,-0.288,1.459,29.907,-7.874,134.766
-1.858,-0.258,1.456,20.081,-7.324,94.055
-1.843,-0.208,1.453,9.827,-7.019,50.171
-1.634,-0.150,1.413,0.366,-6.165,6.775
-0.902,-0.146,1.223,-5.005,-1.099,-25.391
-0.349,-0.128,1.031,-6.653,3.967,-42.297
-0.080,-0.134,0.911,-8.240,-0.366,-54.688
0.005,-0.144,0.876,-11.536,-5.615,-65.674
0.017,-0.204,0.918,-12.878,-11.597,-75.928
-0.005,-0.261,0.997,-14.099,-16.846,-84.229
0.002,-0.292,1.042,-15.808,-20.386,-89.478
-0.066,-0.313,1.036,-17.700,-20.203,-92.163
-0.159,-0.309,1.007,-20.325,-18.982,-95.886
-0.275,-0.290,0.974,-21.240,-16.968,-101.990
-0.349,-0.304,0.935,-21.301,-17.334,-111.938
-0.401,-0.292,0.906,-20.935,-18.066,-123.596
-0.410,-0.312,0.923,-19.714,-17.822,-135.498
-0.272,-0.307,0.935,-18.555,-14.893,-146.423
-0.151,-0.283,0.898,-18.311,-11.658,-153.748
0.046,-0.252,0.890,-17.639,-7.996,-158.264
0.241,-0.249,0.926,-15.930,-5.493,-159.973
0.456,-0.190,0.878,-15.808,-2.258,-156.860
0.582,-0.161,0.865,-15.442,1.038,-148.437
0.734,-0.107,0.808,-13.550,5.310,-136.658
0.860,-0.081,0.792,-11.780,7.324,-123.962
0.967,-0.061,0.787,-8.728,8.789,-109.253
1.041,-0.077,0.832,-5.310,8.728,-94.116
1.079,-0.081,0.876,-2.747,8.057,-77.942
1.111,-0.076,0.847,-1.892,8.545,-58.777
1.030,-0.071,0.833,0.671,7.080,-37.781
0.909,-0.068,0.866,3.540,6.042,-19.775
0.732,-0.078,0.869,6.104,4.883,-5.005
0.469,-0.079,0.855,7.874,3.052,5.920
0.167,-0.095,0.932,9.583,-1.099,11.169
-0.037,-0.124,1.003,10.742,-3.479,10.742
-0.129,-0.143,1.016,10.864,-3.540,8.240
-0.120,-0.147,1.014,10.010,-1.953,4.578
-0.037,-0.147,1.006,8.911,0.732,1.648
0.075,-0.131,0.973,7.751,3.967,0.061
0.182,-0.112,0.933,7.019,6.287,0.061
0.245,-0.102,0.914,7.385,6.775,0.977
0.261,-0.099,0.903,7.935,5.615,2.441
0.237,-0.099,0.907,8.850,3.235,3.540
0.204,-0.100,0.916,9.644,0.671,3.784
0.172,-0.107,0.931,10.498,-1.648,3.784
0.145,-0.114,0.943,11.047,-2.869,3.662
0.127,-0.126,0.966,11.536,-3.235,3.479
0.118,-0.140,0.993,11.841,-3.296,3.235
0.115,-0.155,1.000,11.353,-2.991,3.174
0.108,-0.154,0.999,10.254,-2.625,3.052
0.104,-0.151,0.997,9.277,-2.441,2.747
0.106,-0.144,0.984,8.118,-2.258,2.075
0.112,-0.137,0.968,7.446,-1.831,1.770
0.122,-0.130,0.964,7.141,-1.892,1.648
0.132,-0.134,0.969,7.446,-1.770,1.404
0.136,-0.139,0.971,7.385,-1.587,1.709
0.133,-0.139,0.969,7.019,-1.343,2.197
0.128,-0.140,0.982,6.897,-1.526,2.197
0.130,-0.149,1.000,7.019,-1.709,2.258
0.129,-0.156,0.996,6.409,-1.221,2.258
0.123,-0.150,0.984,5.737,-1.038,2.319
0.121,-0.143,0.981,5.432,-1.221,2.197
0.124,-0.141,0.976,4.883,-1.221,2.014
0.126,-0.136,0.962,4.333,-1.221,1.648
0.130,-0.131,0.963,4.272,-1.221,1.343
0.133,-0.136,0.969,4.456,-1.038,1.404
0.133,-0.136,0.959,4.150,-0.977,1.465
0.133,-0.129,0.952,4.028,-1.160,1.587
0.134,-0.126,0.950,3.967,-1.221,1.526
0.134,-0.127,0.952,4.333,-1.465,1.526
0.135,-0.133,0.965,4.578,-1.526,1.465
0.134,-0.143,0.975,4.883,-1.587,1.465
0.129,-0.141,0.973,4.883,-1.465,1.526
0.125,-0.137,0.969,4.395,-1.465,1.648
0.124,-0.135,0.962,4.272,-1.343,1.587
0.124,-0.131,0.954,4.333,-1.404,1.465
0.125,-0.128,0.950,4.028,-1.465,1.465
0.125,-0.125,0.943,3.906,-1.404,1.343
0.124,-0.124,0.943,4.272,-1.221,1.404
0.123,-0.126,0.944,4.578,-1.099,1.526
0.121,-0.125,0.943,4.639,-0.854,1.465
0.121,-0.123,0.946,4.883,-0.793,1.404
0.124,-0.130,0.960,5.066,-0.732,1.404
0.126,-0.137,0.965,5.310,-0.671,1.465
0.129,-0.135,0.964,5.066,-0.671,1.465
0.133,-0.136,0.965,5.127,-0.671,1.343
0.132,-0.134,0.959,5.066,-0.549,1.526
0.128,-0.132,0.954,4.761,-0.610,1.404
0.125,-0.129,0.953,4.822,-0.671,1.404
0.124,-0.128,0.955,4.883,-0.793,1.465
0.125,-0.134,0.961,5.005,-0.854,1.404
0.125,-0.135,0.962,5.066,-0.732,1.465
0.125,-0.133,0.957,4.944,-0.732,1.404
0.127,-0.133,0.960,5.005,-0.671,1.404
0.129,-0.136,0.962,5.127,-0.671,1.343
0.129,-0.136,0.959,4.944,-0.671,1.526
0.128,-0.132,0.956,4.944,-0.671,1.526
0.125,-0.129,0.953,5.005,-0.671,1.587
0.125,-0.133,0.956,5.127,-0.671,1.526
0.125,-0.135,0.960,5.310,-0.671,1.343
0.126,-0.135,0.961,5.005,-0.610,1.587
0.124,-0.132,0.956,5.066,-0.549,1.648
0.123,-0.130,0.952,5.005,-0.671,1.404
0.123,-0.129,0.948,5.005,-0.610,1.404
0.126,-0.129,0.951,5.127,-0.732,1.343
0.129,-0.132,0.956,5.310,-0.977,1.038
0.129,-0.136,0.961,5.615,-0.916,1.160
1.601,-0.325,0.977,28.931,-0.061,101.379
1.423,-0.439,0.901,30.579,6.042,138.306
1.216,-0.477,0.832,30.823,9.216,173.462
0.855,-0.541,0.848,34.302,7.263,200.928
0.457,-0.527,0.806,35.583,2.808,218.323
0.043,-0.488,1.033,37.048,-3.174,221.802
-0.314,-0.550,1.194,36.804,-5.310,217.163
-0.550,-0.484,1.128,30.396,-2.014,209.656
-0.766,-0.390,1.028,24.353,1.221,196.655
-0.959,-0.340,1.079,21.179,0.793,177.673
-1.124,-0.321,1.173,18.982,-2.136,152.466
-1.232,-0.264,1.176,13.550,-2.686,124.146
-1.270,-0.213,1.168,7.263,-2.747,93.506
-1.266,-0.196,1.215,2.808,-4.211,61.462
-1.187,-0.192,1.243,-1.709,-3.723,30.029
-0.952,-0.173,1.230,-5.798,-1.648,2.380
-0.364,-0.191,1.132,-7.874,2.991,-14.709
0.015,-0.168,0.988,-10.925,7.568,-22.644
0.145,-0.119,0.888,-13.916,4.639,-26.794
0.113,-0.103,0.862,-15.137,-0.366,-28.564
-0.014,-0.125,0.888,-14.648,-6.531,-31.738
-0.220,-0.176,0.970,-13.855,-14.648,-38.208
-0.408,-0.234,1.053,-13.733,-20.325,-48.340
-0.590,-0.287,1.093,-14.648,-22.583,-62.012
-0.753,-0.348,1.078,-17.212,-25.146,-79.346
-0.874,-0.406,1.048,-19.653,-24.048,-98.206
-0.946,-0.460,1.062,-20.752,-23.560,-119.690
-0.864,-0.494,1.049,-22.949,-21.851,-141.724
-0.747,-0.466,0.968,-24.841,-20.325,-162.537
-0.612,-0.444,0.877,-25.818,-19.287,-180.847
-0.424,-0.404,0.827,-24.841,-17.456,-196.106
-0.207,-0.362,0.782,-23.132,-14.282,-206.665
0.084,-0.361,0.867,-20.264,-8.728,-211.975
0.428,-0.338,0.974,-17.883,-2.747,-210.999
0.750,-0.284,0.984,-19.409,3.418,-201.660
0.953,-0.136,0.904,-21.118,8.057,-182.861
1.091,-0.066,0.794,-21.118,11.780,-161.133
1.186,0.039,0.686,-16.602,11.841,-137.390
1.243,0.066,0.620,-10.620,11.047,-116.150
1.272,0.089,0.598,-3.906,8.667,-95.215
1.271,0.086,0.661,3.418,5.615,-73.486
1.264,0.045,0.778,10.864,3.845,-51.392
1.184,0.014,0.831,15.564,4.333,-28.137
1.006,-0.040,0.863,18.860,5.798,-5.493
0.599,-0.101,0.929,21.545,4.517,12.268
0.138,-0.153,1.041,22.400,0.610,21.423
-0.184,-0.193,1.122,21.423,-2.319,21.606
-0.339,-0.214,1.132,18.982,-2.258,16.724
-0.347,-0.214,1.115,15.503,0.061,9.888
-0.222,-0.181,1.083,12.085,2.991,3.418
-0.007,-0.144,1.012,8.972,7.080,-0.732
0.194,-0.107,0.933,7.385,10.498,-1.892
0.317,-0.075,0.887,7.385,11.169,-0.488
0.350,-0.073,0.882,8.911,9.155,1.709
0.324,-0.083,0.886,10.803,4.822,3.662
0.256,-0.097,0.911,11.841,-0.183,4.944
0.175,-0.115,0.949,12.817,-4.333,5.615
0.093,-0.129,0.990,13.428,-8.362,6.287
0.037,-0.138,0.990,13.367,-8.606,6.531
0.002,-0.147,1.002,13.306,-7.568,6.592
-0.011,-0.156,1.015,12.756,-5.798,6.470
-0.009,-0.165,1.021,11.536,-4.395,5.676
0.003,-0.165,1.025,10.132,-3.052,4.700
0.027,-0.162,1.020,8.728,-2.197,3.784
0.057,-0.157,1.008,7.690,-1.587,2.747
0.087,-0.150,1.000,6.287,-1.404,1.953
0.105,-0.146,0.992,5.371,-1.648,1.648
0.107,-0.139,0.975,4.517,-2.197,1.709
0.093,-0.132,0.972,4.028,-2.502,1.953
0.084,-0.132,0.977,4.150,-2.686,2.075
0.078,-0.136,0.976,4.395,-2.625,2.136
0.075,-0.132,0.967,4.578,-2.197,2.258
0.073,-0.128,0.971,4.700,-2.258,2.136
0.077,-0.131,0.972,5.066,-1.892,2.014
0.080,-0.132,0.966,5.188,-1.282,2.014
0.084,-0.129,0.962,5.066,-1.221,1.831
0.086,-0.126,0.958,5.249,-1.404,1.648
0.085,-0.128,0.959,5.127,-1.404,1.587
0.081,-0.130,0.956,5.127,-1.465,1.587
0.079,-0.128,0.958,5.188,-1.587,1.709
0.083,-0.130,0.963,5.005,-1.831,1.709
0.083,-0.131,0.966,4.761,-1.953,1.709
0.083,-0.131,0.965,4.517,-2.014,1.831
0.081,-0.127,0.956,4.395,-2.014,1.709
0.077,-0.126,0.964,4.395,-1.953,1.648
0.081,-0.134,0.980,4.883,-1.770,1.465
0.083,-0.140,0.978,5.127,-1.526,1.404
0.078,-0.134,0.969,4.883,-1.404,1.526
0.073,-0.129,0.961,4.700,-1.221,1.770
0.068,-0.124,0.952,4.578,-1.099,1.953
0.069,-0.122,0.948,4.333,-1.099,1.953
0.074,-0.123,0.951,4.578,-0.916,1.831
0.080,-0.125,0.961,4.822,-0.916,1.648
0.088,-0.129,0.966,5.188,-0.977,1.587
0.089,-0.131,0.966,5.127,-1.099,1.648
0.086,-0.136,0.983,5.310,-1.343,1.526
0.081,-0.144,0.990,5.615,-1.404,1.587
0.074,-0.141,0.978,5.005,-1.221,1.648
0.070,-0.133,0.969,4.395,-1.160,1.770
0.072,-0.128,0.959,4.272,-1.099,1.953
0.077,-0.125,0.951,4.333,-0.854,1.770
0.080,-0.124,0.955,4.150,-0.977,1.953
0.081,-0.126,0.959,4.456,-0.916,1.953
0.080,-0.128,0.958,4.456,-1.038,1.770
0.083,-0.127,0.966,4.639,-1.465,1.587
0.087,-0.138,0.988,4.761,-1.587,1.587
0.082,-0.145,0.988,4.639,-1.404,1.587
0.071,-0.139,0.980,4.272,-1.343,1.892
0.065,-0.135,0.979,3.845,-1.404,1.892
0.068,-0.132,0.969,3.845,-0.854,1.953
0.077,-0.128,0.963,3.784,-0.671,1.892
0.082,-0.125,0.960,3.967,-0.732,2.014
0.081,-0.122,0.949,4.089,-0.732,2.075
0.078,-0.120,0.952,4.150,-0.977,1.892
0.080,-0.124,0.961,4.517,-1.099,1.709
0.081,-0.135,0.977,4.700,-1.160,1.770
0.079,-0.141,0.981,4.944,-1.160,1.648
0.074,-0.136,0.975,4.272,-1.221,1.709
0.071,-0.130,0.966,4.028,-1.099,1.770
1.888,-0.265,0.993,42.725,35.400,78.552
1.831,-0.382,0.782,40.588,38.513,118.042
1.623,-0.314,0.582,33.386,35.767,162.720
1.235,-0.401,0.614,35.522,20.996,198.242
0.768,-0.475,0.776,39.612,9.277,224.792
0.123,-0.505,1.022,41.260,1.709,238.647
-0.320,-0.566,1.030,38.330,9.399,242.249
-0.666,-0.465,1.001,31.860,12.146,237.366
-0.962,-0.439,1.040,29.053,9.644,224.060
-1.176,-0.406,1.085,25.940,8.301,204.163
-1.322,-0.396,1.083,21.545,7.996,178.894
-1.456,-0.333,1.136,15.991,5.615,149.048
-1.544,-0.281,1.183,11.047,4.089,115.234
-1.530,-0.242,1.192,5.127,3.845,78.796
-1.446,-0.205,1.225,-0.305,4.578,40.894
-1.194,-0.156,1.238,-5.066,6.042,5.554
-0.574,-0.155,1.140,-9.033,12.085,-20.203
-0.065,-0.143,0.991,-11.536,19.531,-32.959
0.175,-0.118,0.902,-10.559,18.799,-33.997
0.255,-0.097,0.842,-10.010,15.259,-33.325
0.207,-0.073,0.801,-10.132,10.498,-33.081
0.074,-0.081,0.829,-10.010,3.662,-34.729
-0.077,-0.105,0.882,-8.606,-0.671,-36.926
-0.258,-0.127,0.940,-7.751,-4.761,-41.626
-0.422,-0.169,0.992,-7.812,-7.446,-50.293
-0.522,-0.188,1.010,-7.935,-7.080,-61.279
-0.594,-0.225,1.046,-8.545,-8.301,-75.806
-0.593,-0.240,1.084,-10.132,-7.812,-90.454
-0.532,-0.277,1.077,-11.841,-5.798,-103.943
-0.436,-0.276,1.053,-14.038,-3.845,-115.784
-0.335,-0.274,0.993,-16.479,-2.380,-127.197
-0.211,-0.241,0.946,-18.616,-1.221,-136.841
-0.053,-0.246,0.935,-19.043,0.549,-144.165
0.107,-0.240,0.917,-18.433,0.854,-147.644
0.279,-0.241,0.898,-18.066,1.587,-147.278
0.434,-0.203,0.903,-17.029,2.136,-142.944
0.577,-0.206,0.883,-15.381,2.014,-135.498
0.672,-0.151,0.874,-13.977,2.075,-124.939
0.758,-0.132,0.877,-11.658,0.183,-112.122
0.826,-0.125,0.865,-9.644,0.732,-98.206
0.847,-0.093,0.831,-7.690,1.099,-82.520
0.839,-0.055,0.796,-5.798,1.648,-65.613
0.804,-0.025,0.777,-2.930,1.587,-49.438
0.767,-0.002,0.777,0.854,1.770,-34.851
0.722,0.001,0.800,4.578,1.831,-21.362
0.683,-0.023,0.835,8.301,1.770,-9.277
0.591,-0.058,0.861,11.475,1.465,1.160
0.393,-0.086,0.919,13.733,-0.061,9.521
0.165,-0.115,0.998,15.381,-3.052,13.245
0.006,-0.131,1.022,15.198,-4.944,13.489
-0.064,-0.134,1.016,13.733,-5.859,11.963
-0.070,-0.120,0.996,11.902,-5.554,10.071
-0.039,-0.113,0.973,10.803,-5.005,8.118
0.001,-0.104,0.947,9.644,-3.967,7.263
0.041,-0.093,0.932,9.216,-3.296,7.080
0.078,-0.092,0.942,9.277,-3.235,6.531
0.099,-0.102,0.998,10.193,-3.723,5.615
0.112,-0.135,1.021,11.353,-3.601,4.150
0.101,-0.143,1.024,11.047,-3.784,3.174
0.085,-0.139,1.024,9.460,-4.089,2.686
0.073,-0.136,1.030,8.728,-4.272,2.563
0.067,-0.140,1.025,8.118,-4.333,2.380
0.063,-0.130,0.995,7.568,-4.150,2.808
0.067,-0.110,0.969,7.202,-4.150,3.113
0.079,-0.106,0.967,6.958,-4.150,3.174
0.095,-0.121,0.957,7.324,-4.150,2.808
0.097,-0.103,0.954,7.019,-4.456,2.625
0.094,-0.108,0.970,7.324,-4.639,2.563
0.090,-0.119,0.982,7.690,-4.639,2.502
0.083,-0.122,0.968,7.385,-4.761,2.380
0.067,-0.112,0.961,7.202,-4.761,2.808
0.054,-0.109,0.959,7.141,-4.883,2.747
0.050,-0.111,0.964,7.202,-4.517,2.441
0.049,-0.117,0.970,7.202,-4.150,2.319
0.050,-0.118,0.968,7.385,-3.723,2.258
0.053,-0.119,0.973,6.958,-3.540,2.136
0.061,-0.121,0.985,7.019,-3.540,1.953
0.068,-0.130,0.995,6.836,-3.296,1.709
0.070,-0.148,0.985,6.348,-2.869,1.587
0.063,-0.122,0.976,5.371,-2.808,1.709
0.063,-0.115,0.967,5.066,-2.563,1.709
0.064,-0.112,0.963,5.249,-2.686,1.587
0.061,-0.109,0.955,5.493,-2.625,1.648
0.061,-0.108,0.956,5.798,-2.502,1.587
0.066,-0.126,0.965,6.226,-2.563,1.343
0.063,-0.116,0.964,6.409,-2.747,1.587
0.060,-0.116,0.961,6.592,-2.869,1.831
0.058,-0.114,0.963,6.592,-2.930,1.831
0.058,-0.115,0.961,6.714,-2.869,1.648
0.058,-0.116,0.968,7.019,-2.930,1.831
0.062,-0.125,0.977,7.263,-2.747,1.770
0.064,-0.128,0.979,6.958,-2.380,1.648
0.059,-0.128,0.974,6.470,-2.197,1.648
0.053,-0.126,0.975,6.104,-2.075,1.831
0.053,-0.123,0.974,5.859,-1.831,1.709
0.059,-0.126,0.983,5.737,-1.587,1.587
0.067,-0.130,0.982,5.676,-1.221,1.526
0.060,-0.126,0.967,5.249,-1.099,1.526
0.054,-0.117,0.957,4.639,-0.977,1.770
0.057,-0.112,0.956,4.883,-0.854,1.648
0.064,-0.116,0.961,5.310,-0.793,1.465
0.066,-0.118,0.954,5.249,-0.732,1.465
0.060,-0.126,0.944,5.188,-0.916,1.587
0.060,-0.110,0.964,5.249,-1.587,1.770
0.068,-0.135,0.988,5.737,-1.953,1.648
0.062,-0.131,0.967,4.761,-2.625,1.892
0.057,-0.113,0.940,4.150,-3.113,2.380
0.067,-0.114,0.956,4.456,-4.089,2.502
0.073,-0.121,0.972,4.272,-4.639,2.319
0.070,-0.125,0.983,4.272,-5.066,2.319
0.052,-0.128,0.985,4.822,-5.432,2.136
0.041,-0.129,0.981,4.578,-5.249,2.380
0.043,-0.126,0.970,4.272,-4.822,2.319
0.049,-0.122,0.966,4.028,-4.578,2.380
0.050,-0.125,0.975,3.723,-4.517,2.441
0.050,-0.120,0.982,3.418,-4.211,2.502
0.054,-0.125,0.983,3.540,-3.845,2.625
0.055,-0.123,0.976,3.662,-3.418,2.686
0.051,-0.121,0.968,3.662,-3.296,2.441
1.724,-0.269,0.986,14.099,26.428,76.965
1.877,-0.279,0.749,8.057,26.123,117.676
1.907,-0.284,0.614,9.766,29.541,158.875
1.807,-0.465,0.590,19.226,32.532,199.768
1.438,-0.649,0.674,31.006,39.429,245.300
0.879,-0.760,0.709,38.818,48.279,283.203
0.188,-0.783,0.791,40.710,41.138,305.542
-0.489,-0.717,0.958,42.969,27.954,308.105
-1.095,-0.655,1.165,40.955,16.479,293.152
-1.571,-0.567,1.280,33.386,9.827,265.442
-1.888,-0.479,1.344,23.193,7.385,228.821
-2.122,-0.425,1.308,14.343,5.127,187.927
-2.232,-0.302,1.246,5.615,1.831,143.738
-2.179,-0.252,1.266,-0.427,-0.305,93.262
-2.110,-0.201,1.276,-5.859,-1.465,40.710
-1.744,-0.143,1.278,-12.756,-1.038,-8.423
-1.007,-0.155,1.086,-19.226,6.042,-45.471
-0.484,-0.116,0.981,-22.034,8.545,-67.749
-0.188,-0.109,0.924,-20.264,4.883,-79.285
-0.060,-0.138,0.890,-19.714,0.305,-88.257
-0.022,-0.207,0.922,-20.081,-8.545,-97.717
-0.048,-0.253,0.965,-19.714,-16.968,-103.943
-0.057,-0.293,1.001,-20.691,-23.865,-110.229
-0.077,-0.319,1.034,-20.569,-28.198,-115.784
-0.085,-0.328,1.026,-20.996,-32.593,-122.009
-0.042,-0.293,0.971,-21.423,-32.898,-125.366
-0.056,-0.258,0.900,-21.118,-30.823,-126.526
-0.108,-0.210,0.836,-19.470,-27.161,-127.686
-0.109,-0.182,0.762,-17.151,-24.780,-129.089
-0.109,-0.148,0.744,-14.221,-22.644,-131.409
-0.060,-0.104,0.770,-11.169,-20.203,-135.559
0.047,-0.109,0.826,-7.812,-16.357,-140.015
0.224,-0.148,0.868,-5.615,-11.292,-141.846
0.409,-0.090,0.930,-4.578,-6.592,-136.963
0.598,-0.092,0.962,-3.296,-2.625,-128.113
0.720,-0.052,0.925,-2.075,0.427,-114.746
0.782,-0.030,0.888,-0.854,2.869,-99.121
0.799,-0.003,0.831,1.038,4.272,-83.557
0.790,0.015,0.828,4.333,3.601,-68.542
0.771,0.009,0.853,7.935,3.662,-54.260
0.744,-0.003,0.866,10.132,3.784,-41.077
0.698,-0.011,0.887,12.268,4.028,-26.733
0.612,-0.017,0.897,13.733,5.066,-13.000
0.491,-0.023,0.873,14.526,6.409,-1.099
0.304,-0.038,0.884,15.808,6.592,7.812
0.105,-0.064,0.948,16.968,4.639,12.085
-0.042,-0.102,1.002,18.005,2.563,11.780
-0.122,-0.119,1.013,17.761,1.282,8.728
-0.119,-0.124,1.032,16.663,0.732,4.700
-0.051,-0.124,1.035,15.747,1.404,1.343
0.046,-0.115,0.999,14.587,2.930,-0.793
0.122,-0.100,0.975,13.550,3.967,-1.526
0.177,-0.092,0.967,13.550,3.601,-0.671
0.192,-0.090,0.952,13.611,0.732,1.648
0.173,-0.089,0.946,13.977,-0.549,3.357
0.126,-0.096,0.950,14.832,-2.014,4.944
0.064,-0.094,0.944,15.320,-3.479,5.615
0.013,-0.098,0.946,15.381,-4.272,5.432
-0.014,-0.099,0.944,15.320,-4.761,4.456
-0.025,-0.087,0.944,15.320,-4.883,3.845
-0.004,-0.098,0.970,15.442,-5.005,2.808
0.034,-0.129,1.014,16.296,-4.395,1.526
0.069,-0.148,1.023,15.869,-3.174,0.916
0.084,-0.148,1.021,14.709,-2.869,1.099
0.085,-0.150,1.042,13.672,-3.174,1.038
0.078,-0.163,1.059,13.306,-3.845,0.977
0.079,-0.172,1.066,12.024,-4.272,1.160
0.070,-0.166,1.058,10.315,-4.822,1.343
0.062,-0.154,1.022,8.545,-4.700,1.770
0.047,-0.136,0.987,7.141,-4.333,2.014
0.035,-0.120,0.964,6.409,-4.089,2.075
0.032,-0.112,0.947,6.042,-3.906,1.892
0.040,-0.104,0.940,6.226,-3.723,1.648
0.053,-0.104,0.933,6.592,-3.479,1.282
0.062,-0.111,0.938,6.897,-3.296,0.854
0.063,-0.116,0.953,7.324,-3.540,0.793
0.057,-0.119,0.949,7.385,-3.967,0.977
0.051,-0.118,0.947,7.202,-4.456,0.977
0.048,-0.127,0.962,7.324,-4.944,1.099
0.054,-0.138,0.990,6.836,-5.005,1.343
0.043,-0.157,1.022,5.737,-5.615,1.648
0.037,-0.139,1.000,3.784,-5.554,2.075
0.037,-0.133,0.990,2.930,-4.639,1.892
0.035,-0.134,0.982,2.441,-3.967,1.709
0.032,-0.124,0.970,1.648,-3.296,1.465
0.040,-0.124,0.979,1.648,-2.869,1.343
0.043,-0.124,0.980,1.892,-2.808,1.404
0.043,-0.121,0.982,1.709,-2.991,1.465
0.043,-0.126,0.982,2.197,-3.235,1.282
0.036,-0.127,0.982,2.380,-3.235,1.526
0.034,-0.126,0.977,2.258,-2.930,1.465
0.036,-0.122,0.975,2.197,-2.563,1.587
0.036,-0.119,0.972,2.075,-2.380,1.526
0.036,-0.122,0.970,1.709,-2.136,1.587
0.034,-0.118,0.971,1.404,-1.526,1.465
0.035,-0.118,0.973,0.916,-1.648,1.404
0.035,-0.114,0.968,0.305,-2.258,1.648
0.034,-0.116,0.978,0.000,-2.319,1.648
0.039,-0.114,0.975,0.366,-2.380,2.014
0.037,-0.113,0.981,0.793,-2.625,2.197
0.034,-0.116,0.982,1.709,-2.991,2.197
0.034,-0.115,0.969,2.502,-2.991,2.136
0.034,-0.111,0.961,2.808,-2.869,2.380
0.034,-0.110,0.960,3.174,-3.113,2.319
0.035,-0.110,0.959,3.235,-3.479,2.563
0.033,-0.111,0.953,3.235,-3.906,2.625
0.032,-0.110,0.953,2.808,-4.333,2.686
0.035,-0.108,0.943,2.625,-4.944,2.686
0.038,-0.105,0.940,1.831,-5.981,2.625
0.032,-0.110,0.949,0.549,-7.385,2.747
0.026,-0.101,0.953,-0.244,-8.728,2.625
0.021,-0.124,0.983,-1.648,-9.521,2.258
0.019,-0.108,1.000,-2.380,-9.277,2.380
0.015,-0.102,0.982,-1.648,-7.568,2.258
0.011,-0.108,0.990,-0.732,-5.981,2.563
0.008,-0.099,0.979,-0.244,-5.127,2.869
0.024,-0.094,0.975,0.244,-4.517,2.747
0.024,-0.088,0.961,1.221,-4.089,2.380
0.017,-0.103,0.990,3.113,-4.028,1.892
1.919,-0.521,1.297,0.488,65.613,22.278
2.191,-0.588,1.090,10.010,78.857,73.547
2.203,-0.535,0.812,-1.587,67.139,125.244
1.947,-0.470,0.603,-2.075,61.890,182.495
1.520,-0.543,0.491,14.587,50.659,230.652
1.089,-0.469,0.370,23.865,43.640,260.864
0.658,-0.444,0.388,40.039,41.016,279.968
0.230,-0.404,0.609,57.739,35.889,287.292
-0.317,-0.490,0.924,76.477,19.531,293.213
-0.928,-0.416,1.101,79.407,5.249,289.062
-1.542,-0.329,1.247,73.242,-7.874,271.912
-2.012,-0.244,1.364,57.800,-16.296,238.342
-2.244,-0.159,1.373,35.400,-15.869,194.092
-2.324,-0.088,1.292,17.822,-15.625,142.029
-2.292,-0.081,1.173,11.047,-16.785,86.914
-2.159,-0.067,1.112,6.592,-16.907,35.095
-1.700,-0.089,1.193,4.272,-15.747,-15.381
-1.053,-0.130,1.115,0.366,-8.240,-59.143
-0.692,-0.157,1.020,-3.418,-7.141,-89.294
-0.487,-0.220,0.983,-5.127,-8.118,-110.291
-0.315,-0.281,1.032,-7.080,-10.803,-125.366
-0.169,-0.347,1.095,-9.338,-17.029,-137.390
-0.007,-0.391,1.091,-12.756,-22.156,-146.118
0.126,-0.380,1.073,-17.273,-24.719,-149.841
0.223,-0.348,1.052,-20.142,-25.452,-147.339
0.256,-0.304,1.002,-21.301,-23.987,-141.174
0.279,-0.221,0.970,-21.729,-19.775,-133.606
0.290,-0.183,0.913,-21.545,-16.541,-126.465
0.270,-0.156,0.824,-21.362,-14.648,-119.385
0.246,-0.096,0.768,-19.836,-13.916,-114.075
0.198,-0.066,0.728,-17.395,-13.428,-110.596
0.167,-0.026,0.702,-13.977,-13.672,-108.459
0.124,0.023,0.668,-10.254,-13.184,-106.934
0.102,0.029,0.622,-5.493,-12.268,-105.713
0.103,0.059,0.680,1.282,-11.169,-104.614
0.177,-0.019,0.857,9.338,-9.766,-104.736
0.279,-0.088,0.978,14.282,-6.531,-103.943
0.407,-0.099,0.996,13.794,-1.709,-97.473
0.489,-0.079,1.017,12.207,4.150,-88.074
0.524,-0.090,1.020,11.169,8.850,-77.759
0.514,-0.071,0.967,9.216,12.085,-67.566
0.492,-0.046,0.896,7.690,12.390,-58.350
0.477,-0.015,0.858,8.118,10.986,-50.903
0.461,-0.010,0.843,10.132,8.972,-44.189
0.453,-0.017,0.811,12.573,7.751,-37.537
0.448,0.006,0.765,14.221,7.080,-30.457
0.450,0.040,0.763,16.174,7.019,-22.949
0.455,0.014,0.817,19.958,6.836,-15.930
0.434,-0.040,0.827,24.475,5.798,-8.545
0.336,-0.038,0.843,26.794,2.136,-2.197
0.209,-0.065,0.926,29.663,-3.662,2.319
0.095,-0.136,1.029,33.081,-8.667,3.662
0.015,-0.172,1.066,32.471,-10.803,2.869
0.036,-0.208,1.118,28.809,-11.719,1.953
0.261,-0.495,1.523,24.963,-17.944,0.061
-0.058,-0.287,1.496,9.827,-27.893,2.136
-0.013,-0.083,0.796,-11.902,-13.245,4.700
0.024,-0.129,0.997,-4.456,-11.719,2.563
-0.011,-0.141,1.116,-4.333,-11.902,4.517
0.004,-0.086,0.922,-8.728,-3.906,2.747
0.054,-0.102,0.932,-9.338,-3.540,1.099
0.066,-0.097,0.979,-10.559,-5.005,1.526
0.064,-0.075,0.944,-12.451,-4.639,1.892
0.064,-0.077,0.951,-12.146,-5.310,0.244
0.065,-0.060,0.993,-9.338,-7.996,-0.610
0.048,-0.070,0.989,-5.371,-10.132,0.488
0.047,-0.072,0.993,-1.343,-11.169,1.465
0.029,-0.088,0.992,1.465,-11.536,2.502
0.032,-0.082,0.996,1.648,-10.498,3.723
0.022,-0.088,0.994,1.770,-9.033,4.639
0.021,-0.079,0.995,2.075,-7.935,4.395
-0.005,-0.115,1.052,2.441,-6.287,3.723
0.009,-0.076,0.978,1.526,-3.723,3.235
0.026,-0.094,0.991,1.404,-2.136,3.235
0.034,-0.072,0.978,1.404,-2.197,3.357
0.038,-0.077,0.976,1.160,-1.587,3.418
0.033,-0.074,0.982,1.404,-1.648,2.869
0.037,-0.074,0.974,1.831,-1.587,2.380
0.034,-0.074,0.978,1.892,-1.709,2.014
0.034,-0.072,0.974,1.770,-1.709,1.343
0.031,-0.072,0.977,1.892,-1.831,0.610
0.030,-0.072,0.974,2.014,-1.648,0.183
0.030,-0.073,0.977,2.319,-1.404,0.244
0.031,-0.073,0.978,2.808,-1.099,0.427
0.031,-0.071,0.977,3.174,-0.732,0.549
0.029,-0.073,0.976,3.540,-0.671,0.732
0.028,-0.073,0.979,4.150,-0.916,1.038
0.029,-0.074,0.978,4.578,-0.427,1.404
0.029,-0.074,0.976,4.883,-0.122,1.709
0.031,-0.073,0.976,5.005,0.122,2.075
0.030,-0.074,0.975,4.944,0.122,2.319
0.030,-0.074,0.977,4.761,-0.122,2.258
0.030,-0.073,0.975,4.700,-0.244,2.014
0.030,-0.074,0.974,4.456,-0.366,1.831
0.030,-0.074,0.974,4.272,-0.488,1.465
0.030,-0.073,0.975,4.272,-0.854,1.160
0.030,-0.073,0.976,4.089,-0.671,0.977
0.029,-0.073,0.976,3.845,-0.610,0.793
0.030,-0.073,0.976,3.906,-0.488,0.732
0.030,-0.072,0.975,3.784,-0.488,0.793
0.030,-0.072,0.974,3.967,-0.427,1.038
0.030,-0.072,0.975,4.211,-0.366,1.282
0.031,-0.072,0.974,4.517,-0.244,1.526
0.030,-0.072,0.974,4.578,-0.061,1.648
0.030,-0.072,0.974,4.761,-0.183,1.770
0.031,-0.073,0.974,5.005,-0.305,1.953
0.029,-0.072,0.974,5.066,-0.549,1.770
0.030,-0.073,0.974,5.127,-0.671,1.770
0.031,-0.073,0.973,4.822,-0.610,1.831
0.031,-0.072,0.973,4.700,-0.732,1.892
0.030,-0.071,0.973,4.700,-0.549,1.831
0.030,-0.073,0.974,4.578,-0.488,1.648
0.029,-0.072,0.974,4.395,-0.549,1.526
0.030,-0.072,0.975,4.456,-0.549,1.587
0.031,-0.071,0.974,4.578,-0.549,1.526
0.031,-0.073,0.974,4.456,-0.427,1.465
0.030,-0.072,0.974,4.578,-0.488,1.404
0.030,-0.072,0.974,4.395,-0.366,1.343
0.030,-0.071,0.974,4.700,-0.427,1.587
