aX,aY,aZ,gX,gY,gZ
1.728,-0.442,0.696,11.475,52.185,101.807
1.862,-0.494,0.656,19.043,63.538,145.264
1.804,-0.562,0.625,29.114,68.054,188.354
1.539,-0.572,0.637,36.316,58.105,221.436
1.175,-0.541,0.653,43.335,44.006,245.178
0.729,-0.443,0.711,48.950,26.978,260.071
0.230,-0.354,0.773,53.284,9.155,264.526
-0.289,-0.109,0.906,53.284,-7.019,258.667
-0.716,-0.080,1.041,54.260,-18.677,244.324
-1.217,0.037,1.209,52.551,-24.475,224.670
-1.522,0.024,1.329,48.462,-24.048,196.899
-1.807,-0.047,1.353,43.762,-18.555,163.147
-1.947,-0.036,1.329,36.316,-13.733,130.066
-2.047,-0.092,1.397,26.733,-10.498,88.257
-2.137,-0.072,1.436,15.442,-16.968,46.692
-1.923,-0.009,1.447,5.737,-14.648,2.869
-1.269,-0.016,1.419,-1.709,-5.127,-33.691
-0.655,-0.084,1.196,-3.540,11.658,-53.894
-0.348,-0.067,1.018,-5.493,19.653,-67.688
-0.265,-0.078,1.038,-8.423,13.428,-82.336
-0.277,-0.169,1.082,-12.512,-1.343,-100.891
-0.258,-0.186,1.021,-16.479,-11.475,-116.272
-0.171,-0.240,1.027,-20.264,-18.250,-128.601
-0.070,-0.242,1.079,-22.278,-20.264,-137.146
0.005,-0.261,1.094,-25.452,-18.127,-141.296
0.038,-0.239,1.063,-29.053,-14.038,-141.968
0.020,-0.211,1.006,-32.349,-10.315,-142.090
0.010,-0.190,0.967,-34.302,-9.583,-144.531
0.025,-0.179,0.903,-35.095,-9.460,-147.705
0.063,-0.169,0.847,-34.973,-9.094,-150.452
0.129,-0.128,0.867,-33.508,-8.301,-152.954
0.179,-0.150,0.880,-32.532,-6.287,-153.809
0.242,-0.121,0.839,-31.677,-4.272,-153.259
0.301,-0.135,0.773,-30.457,-2.319,-151.367
0.372,-0.075,0.786,-27.832,-1.709,-148.682
0.462,-0.078,0.765,-24.414,-0.671,-144.409
0.550,-0.056,0.785,-21.179,-0.305,-138.916
0.698,-0.090,0.798,-17.395,0.427,-132.629
0.820,-0.093,0.781,-14.343,1.648,-123.230
0.939,-0.079,0.748,-11.658,2.869,-110.291
1.051,-0.068,0.731,-8.423,4.211,-94.604
1.113,-0.071,0.724,-4.761,5.493,-76.843
1.142,-0.050,0.721,-1.099,5.310,-58.350
1.168,-0.053,0.690,2.258,5.066,-39.124
1.134,-0.036,0.673,6.226,3.601,-20.325
1.047,-0.019,0.670,10.803,0.977,-2.808
0.778,-0.003,0.757,15.869,-3.357,12.390
0.424,-0.004,0.891,20.447,-9.766,20.874
0.131,-0.009,0.993,21.851,-15.381,22.827
-0.063,-0.019,1.052,21.362,-18.188,20.325
-0.153,-0.027,1.088,19.226,-17.639,16.052
-0.173,-0.034,1.082,16.663,-14.343,11.658
-0.161,-0.030,1.062,14.465,-10.071,7.874
-0.109,-0.029,1.042,13.184,-5.798,4.456
-0.020,-0.028,1.025,12.268,-2.869,1.648
0.089,-0.031,1.003,12.024,-0.916,-0.549
0.201,-0.046,0.988,11.536,0.488,-1.831
0.276,-0.050,0.974,10.498,0.671,-1.343
0.299,-0.051,0.973,9.277,-0.732,0.427
0.274,-0.051,0.981,8.118,-2.502,2.319
0.228,-0.047,0.984,7.263,-4.272,3.235
0.177,-0.035,0.978,6.653,-5.188,3.845
0.142,-0.029,0.977,6.226,-5.798,3.845
0.124,-0.026,0.970,6.226,-5.981,3.540
0.126,-0.020,0.959,5.981,-5.432,3.296
0.140,-0.023,0.955,6.042,-4.761,3.113
0.151,-0.024,0.947,6.226,-4.272,3.113
0.155,-0.017,0.932,6.287,-3.967,3.174
0.158,-0.013,0.925,6.470,-3.906,3.296
0.167,-0.015,0.919,7.019,-4.089,3.540
0.177,-0.002,0.916,7.507,-4.578,3.601
0.182,-0.007,0.905,8.057,-5.005,4.028
0.177,-0.008,0.911,9.216,-5.005,4.517
0.167,-0.015,0.925,10.254,-4.883,5.432
0.146,-0.020,0.937,11.292,-4.517,6.042
0.131,-0.029,0.953,11.902,-4.028,6.348
0.125,-0.041,0.987,12.268,-3.601,6.470
0.121,-0.053,1.010,12.329,-3.174,6.409
0.120,-0.061,1.016,11.658,-2.625,6.409
0.130,-0.061,1.004,10.620,-2.136,6.226
0.141,-0.052,0.990,9.033,-2.319,5.798
0.146,-0.043,0.969,7.690,-2.197,5.920
0.137,-0.034,0.951,6.958,-2.014,6.165
0.128,-0.026,0.936,6.470,-1.831,6.104
0.127,-0.021,0.927,6.653,-1.953,5.798
0.113,-0.016,0.926,7.324,-2.441,5.493
0.103,-0.014,0.921,7.996,-2.502,4.822
0.092,-0.014,0.924,8.972,-2.502,4.333
0.087,-0.018,0.954,9.949,-2.380,3.418
0.094,-0.044,0.990,10.925,-1.587,2.258
0.098,-0.056,0.996,11.230,-0.366,1.465
0.105,-0.058,1.002,10.803,0.244,0.977
0.124,-0.070,1.020,10.315,0.549,0.732
0.146,-0.078,1.020,9.277,0.916,0.305
0.158,-0.071,1.000,7.935,1.160,0.610
0.165,-0.062,0.983,6.592,0.977,0.732
0.164,-0.055,0.969,5.676,0.549,0.977
0.154,-0.044,0.953,5.066,0.183,1.221
0.142,-0.039,0.946,4.578,-0.122,1.221
0.134,-0.034,0.936,4.639,-0.305,0.977
0.133,-0.031,0.928,5.005,-0.549,0.793
0.135,-0.026,0.919,5.493,-0.854,0.610
0.138,-0.026,0.922,6.470,-0.671,0.366
0.146,-0.034,0.946,7.507,-0.671,0.366
0.158,-0.058,0.985,8.545,-0.488,0.488
0.166,-0.074,1.003,9.094,0.061,0.610
0.159,-0.072,1.000,8.240,0.183,1.282
0.149,-0.069,0.991,7.202,0.122,1.770
0.146,-0.067,0.994,6.531,-0.366,1.953
0.144,-0.067,0.993,5.859,-0.793,1.892
0.143,-0.061,0.979,5.066,-0.549,1.953
0.144,-0.055,0.965,4.578,-0.427,1.953
0.149,-0.048,0.957,4.150,-0.610,1.892
0.154,-0.048,0.957,4.456,-0.854,1.892
0.156,-0.049,0.962,4.639,-1.221,1.953
0.160,-0.054,0.972,4.822,-1.587,2.136
0.159,-0.060,0.980,5.005,-1.709,2.136
0.149,-0.061,0.977,4.700,-1.709,2.441
0.141,-0.059,0.979,4.333,-1.709,2.686
1.628,-0.421,1.098,-10.864,33.386,50.476
1.964,-0.459,0.816,-13.672,50.903,90.942
2.147,-0.491,0.604,-12.024,55.786,132.751
2.285,-0.540,0.460,-7.141,56.274,175.476
2.299,-0.595,0.275,-1.160,56.946,217.163
2.060,-0.562,0.126,6.592,47.546,255.432
1.653,-0.661,0.115,24.475,42.542,291.870
1.049,-0.679,0.257,53.589,40.894,327.148
0.362,-0.650,0.454,77.576,35.400,349.304
-0.313,-0.533,0.753,97.961,19.836,354.004
-1.073,-0.379,1.135,106.201,1.892,337.219
-1.724,-0.301,1.527,97.656,-11.780,303.040
-2.321,-0.293,1.746,87.097,-18.311,264.709
-2.676,-0.279,1.785,70.007,-17.395,221.619
-2.768,-0.314,1.727,48.828,-8.484,169.495
-2.807,-0.257,1.785,28.381,-8.301,112.427
-2.687,-0.256,1.748,9.766,-8.362,54.138
-2.195,-0.090,1.747,-8.301,-3.845,-3.662
-1.135,-0.115,1.519,-20.508,11.841,-45.044
-0.464,-0.073,1.189,-27.405,24.719,-67.688
-0.224,-0.006,1.066,-32.593,23.804,-82.642
-0.202,-0.035,1.037,-35.339,20.203,-94.604
-0.130,-0.093,0.953,-36.011,13.672,-105.408
-0.101,-0.200,0.952,-36.926,-0.305,-117.737
-0.075,-0.246,0.946,-38.025,-14.832,-129.456
-0.037,-0.276,0.992,-38.574,-24.658,-135.864
-0.023,-0.269,1.048,-37.659,-28.503,-139.465
-0.027,-0.245,1.019,-38.330,-28.503,-140.442
-0.068,-0.236,0.959,-38.940,-28.137,-142.090
-0.151,-0.210,0.969,-38.757,-29.053,-146.179
-0.216,-0.250,1.014,-37.720,-30.823,-154.114
-0.204,-0.279,1.005,-37.781,-31.860,-164.673
-0.136,-0.252,0.955,-39.917,-30.334,-173.401
-0.027,-0.258,0.881,-40.100,-27.039,-180.115
0.067,-0.203,0.875,-39.001,-25.391,-184.326
0.242,-0.183,0.859,-37.537,-21.606,-184.937
0.350,-0.143,0.801,-35.522,-18.494,-182.251
0.491,-0.067,0.736,-32.288,-17.334,-177.734
0.657,-0.106,0.740,-28.137,-16.113,-171.936
0.810,-0.082,0.754,-24.109,-14.526,-163.330
0.937,-0.053,0.678,-21.240,-11.230,-150.635
1.058,-0.005,0.622,-17.212,-7.996,-134.583
1.162,-0.005,0.635,-11.108,-5.493,-116.028
1.248,0.011,0.627,-6.226,-2.502,-97.778
1.299,0.025,0.576,-1.038,0.061,-74.280
1.318,0.053,0.563,5.005,1.343,-50.354
1.301,0.055,0.554,12.329,2.502,-28.198
1.204,0.060,0.566,19.897,2.930,-6.714
0.927,0.042,0.700,27.893,0.488,11.780
0.531,-0.018,0.916,33.997,-6.042,22.217
0.164,-0.043,1.027,34.851,-12.451,25.085
-0.111,-0.041,1.084,32.227,-16.235,23.254
-0.254,-0.052,1.128,28.931,-16.846,18.921
-0.306,-0.058,1.124,25.452,-13.367,14.893
-0.310,-0.051,1.089,22.034,-8.179,10.559
-0.274,-0.032,1.089,19.836,-3.906,5.981
-0.159,-0.047,1.105,19.165,-1.099,1.587
0.005,-0.055,1.066,17.822,1.648,-3.235
0.180,-0.052,0.998,16.174,3.845,-5.188
0.305,-0.047,0.960,14.893,3.845,-5.005
0.360,-0.053,0.957,13.977,2.258,-2.991
0.342,-0.049,0.951,12.939,0.488,0.061
0.268,-0.041,0.960,12.207,-1.953,2.319
0.187,-0.045,0.997,12.024,-4.028,3.235
0.127,-0.055,1.027,12.390,-5.249,3.357
0.088,-0.062,1.036,11.902,-5.554,2.991
0.070,-0.061,1.025,11.108,-4.944,2.930
0.065,-0.056,1.024,10.315,-4.272,2.869
0.079,-0.050,1.000,9.644,-3.662,2.136
0.103,-0.040,0.974,8.545,-3.113,1.648
0.133,-0.036,0.962,8.057,-2.747,1.099
0.156,-0.035,0.954,7.874,-2.441,0.977
0.166,-0.036,0.964,7.874,-2.136,1.343
0.162,-0.051,0.990,8.545,-2.258,1.648
0.146,-0.058,0.997,8.484,-2.502,2.014
0.133,-0.058,0.995,7.507,-2.625,2.136
0.125,-0.057,0.999,6.592,-2.686,2.197
0.115,-0.056,1.000,6.042,-2.686,2.380
0.110,-0.053,0.998,5.432,-2.625,2.258
0.115,-0.052,0.991,5.493,-2.319,2.075
0.123,-0.046,0.975,5.188,-2.380,2.075
0.131,-0.041,0.962,4.944,-2.258,1.953
0.136,-0.037,0.954,4.639,-2.319,1.770
0.141,-0.036,0.957,4.883,-2.563,1.892
0.140,-0.042,0.964,4.761,-2.563,1.892
0.132,-0.039,0.957,4.517,-2.319,1.953
0.122,-0.036,0.953,4.700,-2.197,2.258
0.119,-0.034,0.951,5.127,-2.136,2.258
0.116,-0.032,0.950,5.127,-2.014,2.014
0.114,-0.034,0.951,5.676,-1.587,2.075
0.111,-0.034,0.951,5.859,-1.404,2.136
0.114,-0.035,0.948,6.226,-1.343,2.014
0.116,-0.034,0.946,6.104,-1.038,1.770
0.123,-0.035,0.963,6.470,-1.099,1.648
0.134,-0.056,0.996,6.897,-0.793,1.526
0.135,-0.062,0.995,6.470,-0.244,1.770
0.128,-0.056,0.983,5.798,0.000,2.014
0.122,-0.049,0.976,5.005,-0.305,2.258
0.116,-0.038,0.974,4.639,-0.427,2.136
0.113,-0.041,0.959,4.395,-0.732,1.953
0.112,-0.037,0.952,4.517,-0.488,1.892
0.113,-0.034,0.948,4.517,-0.122,1.587
0.115,-0.030,0.940,5.066,-0.061,1.404
0.119,-0.029,0.937,5.371,0.000,1.160
0.130,-0.036,0.956,6.042,-0.061,1.160
0.137,-0.053,0.981,6.836,0.183,1.099
0.136,-0.054,0.979,6.775,0.183,1.404
0.130,-0.051,0.974,5.920,0.122,1.831
0.123,-0.049,0.973,5.981,-0.183,1.709
0.116,-0.045,0.963,5.554,-0.427,1.709
0.113,-0.042,0.953,5.310,-0.366,1.587
0.115,-0.037,0.944,5.493,-0.183,1.587
0.120,-0.034,0.946,5.493,0.000,1.343
0.131,-0.042,0.959,6.042,0.000,0.977
0.137,-0.051,0.969,6.531,0.183,1.038
0.136,-0.050,0.969,6.287,0.122,1.343
0.135,-0.050,0.974,6.470,-0.183,1.343
0.131,-0.053,0.976,6.165,-0.427,1.343
0.123,-0.053,0.972,6.104,-0.488,1.465
2.036,-0.407,0.509,-3.052,55.176,116.333
2.123,-0.421,0.383,5.615,62.683,161.255
2.004,-0.451,0.365,18.616,62.744,204.224
1.748,-0.506,0.382,33.875,53.528,239.258
1.324,-0.550,0.386,46.509,37.659,265.747
0.873,-0.516,0.405,57.251,26.123,284.424
0.406,-0.463,0.534,70.007,15.320,294.983
-0.108,-0.393,0.782,81.848,4.333,297.180
-0.626,-0.355,1.078,90.088,-5.859,290.527
-1.218,-0.278,1.363,91.675,-15.991,272.705
-1.699,-0.276,1.549,83.557,-21.423,244.690
-2.126,-0.258,1.618,72.083,-20.386,209.839
-2.383,-0.254,1.631,56.458,-17.029,167.664
-2.470,-0.257,1.622,39.001,-12.085,118.652
-2.466,-0.223,1.624,24.109,-13.611,68.726
-2.250,-0.135,1.603,8.545,-11.658,16.296
-1.315,-0.134,1.539,-4.150,-2.930,-28.381
-0.624,-0.152,1.291,-10.803,10.986,-50.903
-0.225,-0.094,1.072,-16.052,23.193,-64.514
-0.171,-0.119,1.104,-18.188,22.278,-77.332
-0.201,-0.164,1.096,-22.095,9.460,-92.224
-0.244,-0.238,1.080,-26.550,-3.296,-106.995
-0.308,-0.293,1.081,-29.968,-13.306,-120.483
-0.325,-0.329,1.112,-32.227,-19.226,-131.714
-0.345,-0.328,1.130,-34.729,-21.362,-141.174
-0.355,-0.340,1.091,-37.537,-21.545,-148.926
-0.335,-0.334,1.063,-40.039,-21.484,-157.471
-0.303,-0.320,1.028,-42.236,-20.813,-166.809
-0.234,-0.262,0.960,-43.823,-19.470,-175.659
-0.139,-0.255,0.897,-44.067,-18.066,-183.960
-0.000,-0.240,0.833,-42.603,-16.174,-190.796
0.158,-0.186,0.773,-40.222,-12.451,-193.115
0.309,-0.159,0.750,-36.926,-9.705,-192.078
0.467,-0.171,0.759,-32.715,-8.118,-189.209
0.634,-0.158,0.747,-29.602,-5.920,-183.167
0.773,-0.107,0.681,-26.550,-3.845,-172.363
0.911,-0.088,0.663,-22.400,-2.563,-159.363
1.009,-0.124,0.692,-16.968,-1.770,-144.958
1.139,-0.078,0.677,-12.634,0.305,-127.441
1.253,-0.042,0.657,-8.545,3.357,-107.239
1.311,-0.052,0.667,-3.235,4.822,-85.754
1.339,-0.034,0.670,1.770,4.761,-62.683
1.315,-0.030,0.636,6.592,5.127,-38.940
1.235,-0.012,0.640,12.207,4.028,-16.724
1.025,-0.016,0.708,18.555,1.343,2.502
0.611,-0.018,0.835,24.048,-5.310,17.517
0.214,-0.029,0.993,27.283,-13.916,22.766
-0.059,-0.071,1.106,27.771,-18.188,21.729
-0.214,-0.080,1.120,25.085,-18.433,18.494
-0.279,-0.078,1.106,21.301,-15.991,13.855
-0.280,-0.078,1.114,18.433,-12.451,9.216
-0.225,-0.086,1.117,16.602,-7.568,5.066
-0.124,-0.083,1.087,13.977,-3.052,0.916
0.021,-0.069,1.032,11.719,0.671,-2.258
0.167,-0.058,0.975,10.254,3.357,-3.723
0.264,-0.053,0.944,9.583,3.418,-3.113
0.298,-0.050,0.927,8.972,1.648,-0.854
0.278,-0.048,0.936,8.911,-1.038,1.160
0.232,-0.043,0.969,9.094,-3.296,2.136
0.169,-0.062,0.984,9.644,-4.944,2.930
0.118,-0.060,1.000,9.094,-5.798,2.869
0.084,-0.067,1.013,8.728,-5.859,2.747
0.074,-0.066,1.006,8.545,-5.493,2.563
0.082,-0.062,0.993,7.812,-5.066,2.136
0.097,-0.063,0.992,7.202,-4.639,1.709
0.115,-0.060,0.980,6.958,-4.395,1.526
0.126,-0.052,0.964,6.226,-4.028,1.526
0.130,-0.046,0.954,6.104,-4.150,1.587
0.130,-0.049,0.964,6.409,-4.150,1.648
0.129,-0.058,0.974,6.226,-3.967,1.526
0.121,-0.057,0.969,6.104,-3.723,1.892
0.107,-0.052,0.964,5.676,-3.479,2.319
0.094,-0.048,0.961,5.554,-3.235,2.319
0.089,-0.043,0.952,5.859,-2.991,2.136
0.094,-0.043,0.957,6.165,-2.808,2.014
0.110,-0.057,0.983,6.958,-2.380,1.648
0.121,-0.067,0.988,7.141,-2.014,1.648
0.124,-0.064,0.977,6.653,-1.831,1.770
0.121,-0.060,0.973,6.104,-2.075,1.953
0.113,-0.056,0.967,5.737,-2.441,2.075
0.105,-0.050,0.953,5.615,-2.563,2.014
0.098,-0.043,0.940,5.554,-2.502,1.892
0.095,-0.037,0.932,5.737,-2.258,1.648
0.093,-0.035,0.928,6.348,-2.136,1.343
0.092,-0.029,0.935,7.141,-1.831,1.282
0.099,-0.038,0.937,8.118,-1.526,1.160
0.110,-0.048,0.947,9.033,-1.099,0.916
0.122,-0.054,0.972,9.460,-0.854,0.916
0.130,-0.078,1.001,9.888,-0.732,1.038
0.125,-0.087,1.010,9.521,-0.122,1.526
0.113,-0.086,1.009,8.606,-0.122,1.953
0.103,-0.082,1.001,7.629,-0.427,2.014
0.098,-0.075,0.991,6.592,-0.854,1.953
0.097,-0.067,0.980,5.798,-0.732,1.709
0.102,-0.066,0.980,5.371,-0.244,1.587
0.106,-0.065,0.973,5.005,0.244,1.404
0.111,-0.063,0.970,5.005,0.488,1.160
0.119,-0.067,0.974,4.822,0.732,1.099
0.121,-0.065,0.967,4.578,0.916,1.160
0.119,-0.060,0.961,4.578,0.793,1.404
0.116,-0.059,0.959,4.578,0.732,1.465
0.112,-0.056,0.954,4.822,0.549,1.526
0.112,-0.055,0.954,5.127,0.610,1.648
0.115,-0.060,0.963,5.676,0.427,1.587
0.117,-0.063,0.968,5.859,0.549,1.587
0.119,-0.065,0.970,5.859,0.366,1.648
0.120,-0.066,0.972,5.737,-0.244,1.709
0.120,-0.066,0.969,5.615,-0.427,1.709
0.117,-0.067,0.971,5.493,-0.549,1.770
0.116,-0.070,0.980,5.371,-0.488,1.831
0.113,-0.073,0.982,5.188,-0.244,1.709
0.112,-0.070,0.976,4.700,-0.183,1.770
0.110,-0.066,0.970,4.578,-0.122,1.831
0.111,-0.063,0.963,4.211,-0.061,1.770
0.114,-0.061,0.958,4.456,-0.305,1.709
0.117,-0.058,0.957,4.517,-0.183,1.526
0.120,-0.062,0.964,4.761,-0.244,1.526
0.119,-0.065,0.966,4.761,-0.366,1.526
0.119,-0.065,0.964,4.822,-0.549,1.648
1.477,-0.515,1.057,19.287,42.542,127.014
1.347,-0.544,0.999,18.921,45.166,158.997
1.177,-0.526,0.908,17.578,43.823,185.425
0.929,-0.454,0.796,19.043,40.710,206.543
0.750,-0.455,0.758,23.315,36.133,222.778
0.450,-0.419,0.786,30.518,31.128,234.497
0.171,-0.411,0.816,36.072,27.893,240.540
-0.159,-0.339,0.866,40.100,22.949,240.112
-0.459,-0.241,0.920,42.297,14.221,231.201
-0.739,-0.129,1.013,42.358,3.784,214.539
-0.974,-0.066,1.096,40.894,-4.639,192.017
-1.198,-0.028,1.177,37.292,-10.681,165.222
-1.373,0.017,1.268,32.471,-13.306,135.803
-1.462,-0.020,1.345,25.879,-12.451,103.821
-1.471,-0.017,1.322,17.029,-9.949,71.411
-1.464,-0.034,1.333,10.010,-9.521,40.771
-1.321,-0.032,1.312,2.869,-7.751,9.644
-0.803,-0.015,1.214,-4.089,-2.625,-17.700
-0.227,-0.018,1.013,-7.568,5.981,-33.447
0.103,0.001,0.856,-8.606,8.118,-39.734
0.269,-0.001,0.794,-6.958,11.353,-41.321
0.289,-0.020,0.808,-3.967,5.798,-41.443
0.270,-0.039,0.851,-2.075,-1.953,-42.969
0.224,-0.068,0.946,-1.099,-9.949,-46.753
0.184,-0.123,1.030,-0.671,-15.930,-49.561
0.118,-0.139,1.069,-1.587,-18.250,-49.927
0.064,-0.144,1.082,-3.235,-17.944,-48.828
-0.005,-0.136,1.072,-4.517,-15.869,-47.363
-0.114,-0.129,1.069,-6.165,-14.893,-48.706
-0.215,-0.110,1.047,-8.423,-14.160,-53.284
-0.276,-0.095,1.038,-10.132,-13.672,-59.143
-0.319,-0.086,1.021,-11.780,-13.000,-67.627
-0.333,-0.094,0.971,-12.878,-12.085,-76.233
-0.344,-0.069,0.975,-13.672,-11.414,-85.571
-0.289,-0.072,0.965,-13.794,-9.766,-95.276
-0.204,-0.071,0.913,-13.794,-8.057,-103.699
-0.117,-0.085,0.912,-12.512,-6.714,-111.389
0.027,-0.104,0.922,-11.780,-5.127,-117.493
0.154,-0.100,0.895,-11.719,-2.625,-119.324
0.279,-0.119,0.854,-11.047,-1.221,-118.652
0.377,-0.120,0.903,-9.644,-0.671,-116.150
0.536,-0.090,0.900,-8.911,0.122,-111.877
0.643,-0.105,0.827,-8.240,0.427,-104.614
0.698,-0.087,0.833,-6.165,-1.282,-94.788
0.786,-0.114,0.847,-4.028,-1.465,-84.839
0.832,-0.092,0.818,-2.808,-1.282,-72.510
0.871,-0.063,0.806,-0.488,-1.282,-57.190
0.876,-0.074,0.811,2.319,-2.014,-41.870
0.835,-0.050,0.820,5.615,-2.380,-27.527
0.797,-0.045,0.795,7.996,-1.770,-13.000
0.670,-0.028,0.800,10.986,-1.831,-0.305
0.405,-0.027,0.856,14.221,-3.967,9.155
0.115,-0.028,0.925,16.479,-7.812,13.184
-0.084,-0.031,0.976,17.273,-11.047,12.512
-0.166,-0.045,1.018,17.395,-11.963,8.789
-0.146,-0.068,1.040,16.907,-10.132,4.150
-0.063,-0.079,1.027,16.113,-6.775,0.488
0.049,-0.082,1.017,14.893,-2.930,-1.099
0.157,-0.107,1.025,14.099,0.305,-1.587
0.217,-0.107,1.021,13.000,2.258,-1.099
0.226,-0.103,1.001,11.353,2.380,-0.122
0.209,-0.099,1.009,9.705,0.122,0.854
0.169,-0.102,1.021,8.545,-2.747,1.587
0.130,-0.094,1.014,7.202,-4.639,1.953
0.103,-0.088,1.012,6.042,-5.493,1.587
0.092,-0.086,1.006,5.554,-5.188,1.221
0.087,-0.076,0.985,5.005,-4.639,1.099
0.088,-0.065,0.961,4.822,-3.906,1.038
0.099,-0.059,0.949,4.822,-3.296,1.221
0.113,-0.054,0.935,5.066,-3.235,1.160
0.128,-0.049,0.922,5.371,-3.296,0.977
0.136,-0.047,0.923,6.042,-3.479,0.977
0.136,-0.049,0.922,7.019,-3.662,1.221
0.130,-0.052,0.931,7.690,-3.723,1.160
0.120,-0.058,0.948,8.423,-4.028,1.038
0.114,-0.070,0.963,8.789,-3.967,0.916
0.107,-0.075,0.969,8.911,-4.028,0.977
0.101,-0.075,0.974,8.789,-4.028,1.099
0.105,-0.084,0.999,8.606,-3.906,1.099
0.115,-0.102,1.015,8.179,-3.174,0.977
0.113,-0.101,1.009,7.324,-2.502,1.282
0.108,-0.094,1.000,6.409,-2.197,1.709
0.105,-0.089,0.997,5.676,-2.380,1.892
0.106,-0.085,0.988,5.127,-2.441,1.892
0.107,-0.080,0.975,4.700,-2.502,1.770
0.109,-0.073,0.964,4.211,-2.380,1.709
0.107,-0.067,0.954,4.089,-2.258,1.709
0.105,-0.065,0.948,4.395,-2.258,1.465
0.108,-0.068,0.957,4.700,-2.136,1.160
0.108,-0.077,0.971,5.005,-1.831,1.099
0.101,-0.078,0.970,5.127,-1.587,1.282
0.095,-0.073,0.963,4.822,-1.343,1.465
0.097,-0.070,0.957,4.883,-1.465,1.526
0.100,-0.069,0.954,5.432,-1.587,1.465
0.107,-0.071,0.956,5.798,-1.526,1.465
0.110,-0.072,0.958,5.859,-1.160,1.587
0.110,-0.072,0.958,6.104,-1.221,1.709
0.105,-0.072,0.959,6.226,-1.648,1.709
0.102,-0.073,0.957,6.165,-1.831,1.587
0.105,-0.075,0.979,6.348,-1.892,1.282
0.117,-0.107,1.029,6.409,-1.526,1.160
0.112,-0.118,1.031,5.676,-0.671,1.404
0.099,-0.102,1.006,3.845,0.000,1.770
0.095,-0.088,0.994,2.991,-0.305,1.831
0.097,-0.078,0.970,2.380,-0.549,1.892
0.103,-0.068,0.943,2.197,-0.732,1.587
0.109,-0.060,0.936,2.258,-0.732,1.404
0.111,-0.061,0.941,2.747,-0.610,1.648
0.107,-0.063,0.943,3.418,-0.671,1.465
0.104,-0.066,0.950,3.906,-0.671,1.343
0.102,-0.070,0.955,4.578,-0.793,1.465
0.104,-0.071,0.962,4.700,-0.916,1.648
0.108,-0.079,0.976,5.127,-0.854,1.770
0.109,-0.084,0.982,4.761,-0.671,1.648
0.107,-0.082,0.977,4.456,-0.244,1.648
0.105,-0.078,0.971,4.456,-0.122,1.770
0.102,-0.074,0.963,4.272,-0.427,1.648
0.102,-0.072,0.955,4.150,-0.610,1.465
0.104,-0.070,0.958,3.967,-0.916,1.404
1.570,-0.423,0.888,-4.150,54.199,96.985
1.665,-0.447,0.709,0.366,67.627,138.916
1.647,-0.429,0.629,7.324,72.205,177.063
1.494,-0.440,0.641,16.296,65.247,207.092
1.174,-0.424,0.636,26.855,52.673,229.553
0.837,-0.442,0.616,36.621,41.443,244.934
0.399,-0.385,0.657,43.030,26.001,254.456
-0.046,-0.317,0.757,49.255,10.986,254.761
-0.550,-0.226,0.947,53.223,-4.333,245.483
-1.083,-0.107,1.174,53.345,-18.250,226.318
-1.633,-0.026,1.386,49.927,-29.053,197.693
-1.996,-0.051,1.506,42.419,-33.630,160.767
-2.215,-0.101,1.527,32.593,-31.311,121.643
-2.212,-0.119,1.474,19.043,-23.071,76.477
-2.111,-0.139,1.418,8.545,-19.348,31.677
-1.643,-0.057,1.389,-1.892,-13.794,-9.705
-0.797,-0.055,1.197,-10.010,0.427,-42.786
-0.316,-0.048,0.948,-14.282,14.343,-60.791
-0.092,-0.026,0.886,-14.954,16.846,-71.899
0.004,-0.040,0.913,-14.465,9.888,-82.092
-0.007,-0.053,0.888,-14.709,-5.005,-90.515
-0.024,-0.085,0.856,-12.085,-15.747,-97.900
-0.011,-0.132,0.866,-9.705,-25.757,-105.896
0.014,-0.155,0.896,-6.409,-29.358,-110.535
0.035,-0.194,0.893,-3.235,-27.710,-111.450
0.013,-0.161,0.877,-0.061,-29.175,-107.117
-0.033,-0.156,0.918,2.869,-28.992,-103.333
-0.024,-0.213,1.016,5.188,-27.100,-103.455
-0.002,-0.222,1.052,4.822,-22.705,-103.027
0.006,-0.172,1.041,2.808,-17.761,-100.098
0.062,-0.214,1.093,2.075,-14.587,-101.196
0.127,-0.238,1.126,-0.122,-11.963,-109.436
0.236,-0.245,1.129,-4.272,-7.324,-112.549
0.310,-0.217,1.096,-8.423,-2.930,-111.328
0.371,-0.190,1.025,-12.451,1.160,-106.384
0.424,-0.144,0.975,-14.587,3.723,-100.281
0.448,-0.120,0.920,-15.686,4.517,-94.238
0.463,-0.074,0.873,-15.381,4.028,-87.891
0.492,-0.062,0.839,-14.160,3.296,-81.299
0.531,-0.045,0.806,-12.573,2.380,-74.768
0.538,-0.015,0.771,-9.827,1.160,-66.345
0.525,0.000,0.755,-6.714,-0.427,-58.105
0.546,0.024,0.748,-2.686,-1.892,-50.110
0.575,0.013,0.812,1.648,-2.991,-41.321
0.612,-0.030,0.841,5.432,-2.991,-32.410
0.621,-0.015,0.844,7.812,-2.014,-21.606
0.601,-0.036,0.873,10.742,-0.732,-10.193
0.518,-0.063,0.928,13.367,-0.122,-0.549
0.325,-0.080,0.973,14.343,-0.549,7.080
0.097,-0.079,1.007,14.282,-2.930,11.047
-0.053,-0.080,1.026,13.611,-4.456,11.047
-0.115,-0.076,1.016,12.573,-4.700,8.667
-0.094,-0.067,0.988,11.414,-4.150,5.493
-0.017,-0.065,0.959,10.193,-2.197,2.563
0.069,-0.045,0.924,9.827,-0.061,1.038
0.138,-0.026,0.871,9.949,1.099,0.366
0.181,-0.014,0.848,11.230,0.610,0.427
0.198,-0.015,0.850,13.000,-1.770,0.488
0.201,-0.027,0.882,14.771,-4.639,0.122
0.189,-0.064,0.942,16.357,-7.141,-0.061
0.146,-0.093,0.985,16.724,-8.789,0.183
0.082,-0.111,1.044,16.296,-9.155,0.854
0.027,-0.136,1.113,15.930,-8.789,1.465
0.013,-0.170,1.146,14.771,-7.080,1.953
0.020,-0.169,1.130,11.780,-5.005,2.197
0.034,-0.144,1.082,8.362,-3.540,2.625
0.051,-0.115,1.030,5.798,-2.625,3.113
0.073,-0.089,0.986,4.089,-1.953,3.052
0.089,-0.072,0.949,3.174,-1.648,2.563
0.095,-0.056,0.921,2.869,-1.770,1.770
0.093,-0.051,0.919,3.296,-2.563,1.038
0.091,-0.062,0.941,4.211,-3.357,0.305
0.086,-0.072,0.952,4.944,-3.479,-0.061
0.079,-0.072,0.951,5.493,-3.662,-0.122
0.073,-0.075,0.958,6.409,-3.845,0.183
0.072,-0.080,0.962,7.385,-3.845,0.732
0.077,-0.080,0.961,8.057,-3.967,1.221
0.082,-0.079,0.952,8.545,-4.150,1.587
0.087,-0.076,0.938,9.155,-4.333,2.075
0.089,-0.069,0.926,9.460,-5.005,2.319
0.089,-0.063,0.909,9.705,-5.920,2.258
0.084,-0.056,0.889,9.949,-7.324,2.075
0.081,-0.051,0.877,10.681,-9.094,1.831
0.077,-0.048,0.867,11.292,-11.230,1.221
0.136,-0.053,0.891,11.963,-13.428,0.610
0.159,-0.137,1.015,11.780,-18.188,0.488
0.125,-0.135,1.007,6.958,-20.996,2.380
0.071,-0.101,0.940,1.221,-21.484,2.930
0.043,-0.102,0.950,-2.869,-22.095,2.075
0.016,-0.099,1.028,-6.409,-21.606,2.136
-0.009,-0.123,1.029,-15.869,-18.616,3.296
0.005,-0.088,1.011,-21.973,-14.282,3.784
0.003,-0.083,1.060,-26.611,-11.963,3.357
-0.005,-0.100,1.093,-26.855,-8.240,3.967
0.017,-0.066,1.024,-17.517,-5.005,2.808
0.034,-0.064,1.021,-10.864,-4.456,1.404
0.031,-0.058,0.991,-6.104,-3.967,2.197
0.045,-0.057,0.986,-3.662,-3.784,2.136
0.054,-0.044,0.983,-2.808,-3.540,1.709
0.036,-0.055,0.993,-0.732,-3.235,2.075
0.022,-0.059,1.006,0.671,-2.808,2.075
0.028,-0.055,0.982,0.977,-1.221,1.831
0.040,-0.057,0.986,1.648,-0.366,1.831
0.036,-0.058,0.983,2.075,-0.244,1.892
0.043,-0.058,0.984,2.136,-0.244,2.075
0.041,-0.056,0.985,1.892,-0.610,2.075
0.038,-0.065,0.996,1.770,-0.732,2.197
0.039,-0.056,0.978,0.977,-0.977,2.136
0.040,-0.050,0.973,0.732,-1.160,1.770
0.037,-0.047,0.977,1.221,-1.221,1.587
0.036,-0.048,0.972,1.587,-0.977,1.648
0.037,-0.047,0.975,1.831,-0.610,1.709
0.037,-0.047,0.975,2.136,-0.366,1.770
0.038,-0.047,0.974,2.380,0.122,1.770
0.039,-0.047,0.974,2.991,0.183,1.831
0.039,-0.047,0.973,3.540,0.366,2.014
0.039,-0.047,0.974,3.723,0.305,2.075
0.039,-0.047,0.972,3.723,0.305,2.014
0.038,-0.049,0.976,3.601,0.122,2.136
1.440,-0.183,0.812,-14.099,45.471,72.266
1.580,-0.104,0.593,-20.569,41.443,96.680
1.600,-0.167,0.494,-22.583,40.222,123.474
1.507,-0.252,0.408,-12.695,42.542,150.940
1.224,-0.239,0.382,-4.272,39.246,181.641
0.795,-0.197,0.477,6.104,26.611,208.069
0.365,-0.170,0.600,20.874,18.982,221.863
-0.160,-0.101,0.813,36.438,10.742,223.633
-0.632,-0.119,0.957,47.852,2.930,217.712
-1.099,-0.042,1.115,60.181,-6.592,207.275
-1.453,-0.137,1.289,71.594,-15.930,189.575
-1.769,-0.202,1.394,76.050,-22.278,164.001
-1.930,-0.268,1.396,65.125,-23.193,133.606
-1.973,-0.216,1.290,48.157,-18.799,98.145
-1.918,-0.209,1.234,31.006,-15.198,56.641
-1.627,-0.089,1.302,18.127,-13.550,13.550
-0.780,-0.101,1.283,6.104,-1.099,-21.851
-0.292,-0.087,1.120,-1.465,16.663,-42.786
-0.069,-0.060,0.969,-11.780,25.818,-53.589
0.062,-0.028,0.884,-18.250,24.536,-59.570
-0.030,-0.035,0.941,-17.700,7.629,-63.049
-0.051,-0.088,0.966,-15.259,-1.770,-69.763
-0.089,-0.116,0.969,-13.855,-6.775,-76.233
-0.128,-0.146,0.981,-13.123,-11.719,-80.811
-0.144,-0.139,0.960,-10.376,-11.169,-80.078
-0.183,-0.138,0.991,-3.784,-15.991,-75.134
-0.218,-0.127,0.975,1.526,-16.724,-70.129
-0.239,-0.121,0.976,5.493,-15.747,-70.801
-0.232,-0.136,1.017,7.874,-13.855,-76.965
-0.183,-0.164,1.035,7.019,-11.047,-85.632
-0.142,-0.128,1.002,3.418,-7.507,-93.933
-0.085,-0.097,0.966,1.160,-3.967,-102.356
-0.026,-0.077,0.929,-0.854,-1.587,-109.924
0.058,-0.109,0.904,-3.784,-0.610,-115.295
0.107,-0.070,0.889,-4.944,0.000,-117.493
0.195,-0.090,0.860,-5.615,0.427,-118.774
0.299,-0.058,0.852,-5.554,0.244,-117.981
0.402,-0.078,0.860,-4.639,-0.061,-115.540
0.505,-0.056,0.860,-4.211,0.305,-109.741
0.599,-0.051,0.869,-3.784,1.526,-101.685
0.672,-0.055,0.866,-2.441,1.953,-91.736
0.746,-0.042,0.857,-2.441,2.014,-80.444
0.782,-0.022,0.834,-1.099,1.831,-67.322
0.816,-0.007,0.821,0.061,1.221,-52.734
0.798,0.012,0.829,3.540,0.061,-37.354
0.782,-0.001,0.836,8.057,-1.343,-22.339
0.715,-0.000,0.842,12.390,-2.563,-8.240
0.547,-0.001,0.852,16.296,-3.357,4.272
0.256,-0.015,0.909,20.569,-5.859,13.794
-0.020,-0.032,0.968,23.315,-9.766,16.968
-0.193,-0.042,0.992,23.743,-12.268,14.587
-0.238,-0.056,0.997,23.437,-13.367,8.850
-0.179,-0.073,0.982,22.156,-12.329,3.174
-0.067,-0.063,1.014,21.057,-9.521,-0.793
0.066,-0.100,1.047,20.569,-5.127,-2.563
0.146,-0.106,1.038,17.639,-0.854,-1.831
0.160,-0.096,1.019,14.282,1.892,0.122
0.133,-0.096,1.020,11.414,1.648,1.160
0.100,-0.090,1.010,8.057,-1.099,0.793
0.073,-0.080,0.997,5.066,-4.089,0.000
0.054,-0.068,0.979,3.540,-6.226,-0.854
0.043,-0.059,0.965,3.723,-7.202,-1.099
0.034,-0.057,0.953,4.944,-6.836,-0.427
0.040,-0.049,0.936,6.348,-6.287,0.183
0.059,-0.045,0.927,7.446,-6.104,0.305
0.127,-0.084,0.983,8.972,-7.202,0.610
0.101,-0.114,1.037,9.399,-10.925,1.892
0.065,-0.067,0.946,4.639,-11.292,3.235
0.057,-0.064,0.939,2.808,-12.268,2.869
0.031,-0.074,1.000,1.770,-13.977,2.747
0.020,-0.086,1.002,-1.038,-11.536,2.502
0.013,-0.072,1.006,-3.418,-8.728,1.831
0.020,-0.069,1.003,-4.395,-7.019,1.343
0.024,-0.080,1.002,-7.202,-5.798,1.099
0.018,-0.071,0.998,-8.911,-5.310,0.610
0.022,-0.057,1.002,-9.399,-5.066,0.122
0.025,-0.050,1.002,-8.728,-4.700,-0.061
0.030,-0.039,0.981,-9.033,-4.272,0.732
0.036,-0.065,0.992,-9.460,-4.272,2.319
0.030,-0.044,0.991,-5.981,-3.662,3.601
0.028,-0.046,0.993,-2.930,-3.052,2.686
0.026,-0.044,0.988,-0.671,-2.563,2.136
0.032,-0.043,0.983,0.427,-2.197,2.319
0.021,-0.037,0.989,0.854,-2.258,2.808
0.019,-0.051,0.993,0.122,-2.014,3.662
0.022,-0.049,0.982,0.061,-1.648,3.906
0.033,-0.042,0.985,-0.427,-1.648,2.747
0.031,-0.037,0.978,-0.366,-1.282,2.136
0.032,-0.039,0.974,-0.305,-1.282,2.380
0.031,-0.034,0.979,-0.244,-1.526,2.441
0.030,-0.036,0.974,-0.305,-1.648,2.319
0.032,-0.039,0.980,0.000,-1.831,2.258
0.032,-0.031,0.978,0.549,-1.648,2.441
0.034,-0.026,0.978,1.099,-1.221,2.319
0.029,-0.030,0.981,2.258,-1.038,2.197
0.025,-0.031,0.977,3.052,-0.977,2.380
0.031,-0.032,0.981,3.357,-0.549,2.319
0.030,-0.034,0.979,3.601,-0.305,2.380
0.028,-0.034,0.980,3.662,-0.061,2.441
0.030,-0.032,0.977,3.174,0.000,2.197
0.030,-0.032,0.978,2.930,-0.061,1.953
0.029,-0.032,0.977,2.625,0.000,1.648
0.030,-0.032,0.976,2.380,-0.061,1.526
0.031,-0.031,0.976,2.136,0.061,1.465
0.030,-0.031,0.975,2.075,-0.183,1.343
0.032,-0.030,0.976,2.197,-0.183,1.404
0.031,-0.030,0.976,2.319,0.000,1.526
0.032,-0.029,0.976,2.991,-0.061,1.709
0.031,-0.029,0.979,3.418,-0.061,1.770
0.029,-0.029,0.976,3.784,-0.061,2.014
0.030,-0.029,0.978,4.028,0.122,2.197
0.031,-0.029,0.979,3.784,0.244,2.380
0.029,-0.030,0.975,3.845,0.427,2.441
0.032,-0.030,0.980,3.601,0.549,2.380
0.031,-0.030,0.975,3.235,0.671,2.197
0.031,-0.029,0.977,2.686,0.671,2.075
0.032,-0.028,0.977,2.197,0.305,1.953
0.032,-0.027,0.976,1.770,0.122,1.770
0.030,-0.029,0.976,1.648,0.122,1.831
1.013,-0.162,1.529,-8.118,42.847,-3.479
1.313,-0.458,1.380,0.183,59.631,28.870
1.578,-0.298,1.074,-10.132,62.256,73.364
1.655,-0.215,0.698,-30.579,61.279,106.262
1.675,-0.183,0.567,-35.767,52.490,138.611
1.599,-0.231,0.461,-25.940,54.321,171.509
1.435,-0.280,0.350,-18.555,54.932,197.815
1.030,-0.195,0.298,-9.094,42.969,223.877
0.606,-0.177,0.352,10.498,33.875,246.460
0.096,-0.151,0.538,34.790,29.114,254.578
-0.440,-0.127,0.730,52.307,20.630,250.854
-0.985,-0.047,0.971,65.918,9.583,239.197
-1.447,-0.120,1.160,74.158,-3.052,219.482
-1.904,-0.109,1.276,75.745,-12.268,192.993
-2.188,-0.195,1.384,71.716,-19.775,158.752
-2.322,-0.183,1.327,57.800,-21.362,119.568
-2.326,-0.216,1.329,46.753,-24.902,73.486
-2.108,-0.215,1.372,38.025,-26.428,24.048
-1.146,-0.148,1.461,19.958,-13.794,-21.301
-0.516,-0.139,1.318,5.676,8.667,-48.035
-0.246,-0.077,1.124,-7.874,21.179,-61.462
-0.146,-0.046,1.035,-11.169,20.569,-70.251
-0.129,-0.075,1.015,-9.277,11.230,-75.195
-0.114,-0.094,1.008,-10.315,-1.892,-85.266
-0.094,-0.115,0.980,-12.329,-6.653,-95.520
-0.070,-0.132,0.967,-12.573,-11.047,-101.379
-0.059,-0.127,0.940,-11.047,-14.771,-102.661
-0.093,-0.115,0.911,-6.104,-18.860,-99.426
-0.066,-0.084,0.886,-0.732,-18.799,-96.802
-0.095,-0.089,0.884,5.005,-19.775,-98.328
-0.099,-0.095,0.883,8.179,-21.240,-102.112
-0.107,-0.084,0.905,11.230,-21.057,-106.018
-0.035,-0.116,0.978,13.367,-19.470,-110.962
0.043,-0.138,1.027,12.085,-15.259,-115.295
0.116,-0.132,1.011,8.301,-9.521,-116.943
0.224,-0.124,0.996,3.845,-3.784,-114.014
0.283,-0.056,0.971,-0.488,2.136,-105.408
0.347,-0.038,0.952,-1.770,3.296,-101.440
0.436,-0.065,0.932,-1.892,1.770,-102.173
0.483,-0.034,0.893,-3.723,1.282,-99.121
0.543,-0.015,0.889,-4.700,1.587,-91.980
0.581,-0.018,0.879,-3.662,2.197,-82.947
0.594,-0.004,0.829,-3.967,1.709,-72.937
0.595,0.021,0.797,-2.747,0.183,-61.707
0.601,0.038,0.821,-0.793,-1.465,-51.270
0.599,0.026,0.854,3.174,-2.747,-41.626
0.612,0.024,0.862,6.287,-3.357,-30.396
0.598,0.016,0.899,10.193,-3.174,-18.066
0.567,-0.014,0.943,14.160,-3.113,-6.531
0.432,-0.036,0.971,16.235,-2.930,3.906
0.117,-0.053,1.019,16.785,-5.310,11.414
-0.116,-0.049,1.055,15.930,-8.423,12.573
-0.158,-0.049,1.042,12.512,-8.545,6.531
-0.057,-0.045,0.992,8.362,-6.470,0.427
0.043,-0.032,0.957,6.714,-4.639,-1.160
0.133,-0.026,0.977,6.897,-3.479,-0.549
0.137,-0.071,1.039,8.484,-4.211,1.831
0.093,-0.028,0.953,5.554,-4.578,4.211
0.092,-0.012,0.902,2.502,-5.371,3.418
0.084,-0.019,0.941,2.197,-9.949,2.319
0.077,-0.031,0.954,1.343,-13.245,1.343
0.062,-0.031,0.951,-0.488,-14.343,1.648
0.045,-0.023,0.960,-0.916,-15.381,2.563
0.042,-0.034,0.965,-0.610,-15.076,2.930
0.026,-0.031,0.972,-1.038,-14.038,2.441
0.021,-0.049,0.993,-1.892,-12.939,1.770
0.011,-0.031,0.990,-3.479,-11.047,2.136
0.020,-0.035,0.990,-7.019,-9.216,3.479
0.012,-0.027,1.031,-9.888,-7.141,4.700
0.006,-0.014,1.041,-10.437,-5.188,4.089
0.008,-0.002,1.022,-6.958,-3.845,2.502
0.024,-0.005,1.019,-2.930,-3.052,1.770
0.024,-0.010,0.998,-0.732,-2.563,1.648
0.024,-0.012,0.997,-0.244,-2.747,1.221
0.019,-0.008,0.999,-0.305,-2.441,0.916
0.023,-0.003,0.969,-1.221,-1.831,0.305
0.017,-0.010,1.000,-0.488,-1.831,-0.183
0.028,-0.002,0.981,0.061,-1.099,0.183
0.031,-0.004,0.988,1.526,-0.610,0.793
0.026,-0.003,0.983,2.930,-0.183,1.343
0.032,-0.003,0.984,3.967,0.122,1.587
0.032,-0.004,0.979,4.456,0.183,1.892
0.032,-0.005,0.980,4.639,-0.305,2.075
0.029,-0.006,0.980,4.700,-0.732,2.136
0.026,-0.005,0.979,4.272,-0.732,1.831
0.026,-0.004,0.982,3.845,-0.488,1.465
0.027,-0.004,0.977,3.235,-0.244,1.221
0.028,-0.005,0.980,2.991,0.000,1.099
0.029,-0.003,0.977,2.808,-0.061,1.038
0.030,-0.003,0.980,2.502,-0.122,0.793
0.029,-0.001,0.974,2.441,-0.122,0.854
0.031,-0.001,0.977,2.808,-0.122,1.038
0.029,-0.002,0.976,3.235,-0.061,1.221
0.029,-0.001,0.975,3.784,-0.122,1.526
0.030,-0.002,0.976,4.456,-0.122,1.709
0.031,-0.003,0.976,4.700,-0.122,1.770
0.030,-0.002,0.976,4.761,-0.488,1.709
0.028,-0.002,0.976,4.578,-0.427,1.831
0.029,-0.003,0.977,4.456,-0.244,1.709
0.029,-0.002,0.976,4.089,-0.305,1.587
0.029,-0.002,0.977,3.967,-0.061,1.526
0.030,-0.002,0.977,3.540,0.122,1.465
0.030,-0.001,0.976,3.296,0.305,1.404
0.030,-0.001,0.975,3.418,0.244,1.404
0.031,-0.000,0.975,3.479,0.061,1.465
0.031,-0.001,0.975,3.662,0.122,1.526
0.031,-0.000,0.975,3.967,-0.122,1.648
0.029,-0.001,0.975,4.089,-0.061,1.709
0.031,-0.001,0.977,4.456,0.061,1.953
0.029,-0.001,0.975,4.395,0.183,1.892
0.030,-0.002,0.976,4.333,0.244,1.892
0.030,-0.001,0.976,4.211,0.305,1.770
0.030,-0.001,0.976,3.967,0.427,1.648
0.031,-0.001,0.976,3.601,0.488,1.648
0.031,-0.001,0.975,3.540,0.427,1.709
0.031,-0.000,0.973,3.357,0.427,1.587
0.032,-0.000,0.975,3.357,0.427,1.648
0.032,-0.000,0.976,3.235,0.244,1.648
0.031,-0.000,0.976,3.235,0.061,1.709
-2.059,0.088,1.546,79.163,-38.452,158.997
-2.117,0.115,1.325,64.575,-44.312,118.774
-2.056,0.126,1.324,53.833,-43.945,76.843
-1.823,0.039,1.334,39.734,-34.363,32.898
-1.145,0.079,1.371,29.602,-19.836,-5.676
-0.188,-0.003,1.138,15.625,5.920,-31.799
0.304,0.006,0.928,3.845,26.245,-43.579
0.552,-0.010,0.928,-4.578,29.907,-46.143
0.622,0.000,0.911,-8.362,25.452,-41.931
0.481,0.030,0.856,-8.179,16.724,-34.851
0.239,0.033,0.878,-3.357,1.953,-30.884
0.009,0.050,0.953,1.831,-11.658,-27.710
-0.170,0.047,1.055,8.423,-23.132,-26.733
-0.319,0.001,1.029,14.954,-28.625,-29.175
-0.498,0.009,1.054,26.489,-32.654,-25.391
-0.611,-0.043,1.098,38.330,-38.086,-25.330
-0.700,-0.092,1.140,43.518,-39.490,-36.926
-0.792,-0.112,1.136,38.879,-37.292,-55.725
-0.813,-0.155,1.064,29.968,-35.095,-76.843
-0.770,-0.181,1.005,20.081,-33.325,-98.511
-0.748,-0.225,0.938,14.404,-32.043,-118.469
-0.663,-0.327,0.874,5.493,-27.893,-141.541
-0.393,-0.266,1.010,9.216,-27.710,-163.269
-0.112,-0.331,1.080,11.902,-20.081,-186.584
0.107,-0.306,1.027,8.423,-14.648,-197.388
0.393,-0.301,1.003,3.601,-9.949,-197.388
0.552,-0.224,0.999,2.075,-8.911,-190.491
0.729,-0.218,0.930,-3.052,-6.592,-179.993
0.843,-0.156,0.864,-7.019,-5.127,-164.734
0.972,-0.099,0.781,-10.010,-6.226,-147.278
0.981,-0.042,0.707,-10.071,-9.644,-130.188
1.038,-0.004,0.660,-9.644,-12.146,-113.770
1.081,0.058,0.655,-6.470,-14.709,-95.703
1.166,0.071,0.695,-0.183,-20.752,-71.350
1.631,-0.074,0.960,5.798,-20.630,-46.326
1.555,-0.058,1.134,9.583,-26.855,-13.672
0.466,0.153,0.722,-2.441,-22.034,15.015
-0.449,-0.217,1.376,19.958,-54.260,8.545
-0.334,-0.109,1.308,4.761,-36.987,6.775
-0.179,-0.042,1.060,-14.160,-8.484,4.639
-0.038,-0.018,1.058,-11.414,-0.488,1.099
-0.019,-0.042,1.097,0.061,0.671,2.747
0.007,-0.017,0.995,4.211,6.592,6.653
0.048,-0.000,0.967,5.432,9.277,6.104
0.057,-0.016,0.992,4.761,8.118,2.258
0.057,-0.011,0.971,0.000,5.676,-0.854
0.051,-0.015,0.984,-3.723,0.427,-1.770
0.023,-0.014,0.993,-5.798,-4.272,-1.526
0.010,-0.007,0.980,-7.141,-6.592,-1.648
0.009,-0.011,0.992,-5.920,-6.958,-2.014
0.005,-0.012,0.991,-2.686,-4.578,-1.526
0.016,-0.008,0.981,0.305,-1.343,-0.366
0.022,-0.006,0.979,3.723,0.793,1.221
0.027,-0.005,0.978,6.714,1.160,2.625
0.025,-0.009,0.978,7.935,0.244,2.869
0.024,-0.010,0.979,8.179,-0.549,2.869
0.023,-0.009,0.981,7.629,0.000,3.418
0.016,-0.014,0.980,6.775,1.038,3.662
0.015,-0.015,0.982,6.165,1.770,3.113
0.019,-0.014,0.979,5.188,1.831,1.526
0.021,-0.013,0.979,3.784,1.587,0.488
0.022,-0.014,0.977,2.502,1.099,0.366
0.023,-0.012,0.976,1.221,0.183,0.244
0.024,-0.008,0.975,0.366,-0.916,0.000
0.026,-0.007,0.974,0.244,-1.709,0.061
0.026,-0.006,0.975,1.038,-1.892,0.488
0.024,-0.005,0.975,2.747,-1.282,1.099
0.022,-0.006,0.976,4.456,-0.488,1.770
0.022,-0.006,0.976,5.676,0.122,1.953
0.024,-0.008,0.976,6.226,0.427,2.075
0.022,-0.009,0.978,6.409,0.488,2.441
0.021,-0.009,0.976,6.104,0.610,2.502
0.021,-0.010,0.977,5.554,0.549,2.136
0.023,-0.011,0.977,4.822,0.549,1.770
0.023,-0.010,0.977,3.906,0.183,1.221
0.023,-0.008,0.974,3.174,-0.122,1.099
0.024,-0.008,0.974,2.563,-0.366,1.038
0.026,-0.006,0.974,2.197,-0.793,0.854
0.026,-0.006,0.974,2.502,-1.160,0.916
0.025,-0.006,0.974,3.174,-1.221,1.221
0.023,-0.005,0.975,4.089,-1.038,1.526
0.022,-0.006,0.976,5.066,-0.488,1.709
0.023,-0.006,0.976,5.737,0.061,1.953
0.023,-0.009,0.977,6.042,0.366,2.075
0.023,-0.009,0.977,6.104,0.488,2.136
0.022,-0.010,0.977,5.676,0.671,2.136
0.024,-0.010,0.976,5.188,0.610,1.831
0.023,-0.010,0.976,4.639,0.061,1.526
0.025,-0.010,0.976,3.906,-0.305,1.343
0.025,-0.009,0.976,3.296,-0.488,1.343
0.025,-0.007,0.974,2.808,-0.610,1.343
0.023,-0.006,0.975,2.808,-0.793,1.343
0.023,-0.006,0.975,3.174,-0.854,1.465
0.024,-0.006,0.977,3.540,-0.793,1.587
0.024,-0.005,0.975,4.089,-0.305,1.892
0.022,-0.006,0.976,4.700,0.122,2.075
0.024,-0.007,0.976,5.127,0.366,2.075
0.023,-0.007,0.976,5.432,0.427,2.197
0.023,-0.007,0.977,5.432,0.488,2.197
0.024,-0.008,0.976,4.944,0.549,2.014
0.024,-0.008,0.974,4.578,0.549,1.953
0.025,-0.008,0.974,3.967,0.183,1.709
0.026,-0.008,0.974,3.601,-0.061,1.648
0.025,-0.006,0.976,3.174,-0.244,1.587
0.025,-0.005,0.975,2.808,-0.244,1.709
0.026,-0.005,0.974,2.380,-0.366,1.953
0.025,-0.007,0.976,2.197,-0.305,2.197
0.024,-0.005,0.975,3.052,-0.305,1.892
0.024,-0.006,0.976,3.418,0.061,1.892
0.025,-0.005,0.975,4.028,0.366,1.892
0.025,-0.004,0.975,4.395,0.610,1.953
0.024,-0.006,0.976,4.944,0.488,2.014
0.026,-0.007,0.977,4.639,0.366,2.014
0.026,-0.006,0.977,4.272,0.061,1.831
0.026,-0.006,0.976,4.089,0.061,1.770
0.026,-0.005,0.975,4.028,-0.122,1.770
0.025,-0.005,0.976,3.967,-0.305,1.831
0.024,-0.005,0.975,3.906,-0.305,1.831
0.025,-0.005,0.974,4.089,-0.366,1.770
2.177,-0.297,1.412,-43.518,83.008,34.363
2.278,-0.487,1.311,-36.621,97.778,90.454
2.398,-0.445,0.989,-39.978,93.933,149.170
2.222,-0.566,0.636,-48.828,89.600,202.820
1.890,-0.565,0.287,-52.673,88.684,251.587
1.485,-0.599,0.107,-43.213,83.862,283.325
0.925,-0.534,0.233,-26.489,70.007,311.218
0.295,-0.546,0.392,7.385,78.857,330.688
-0.425,-0.415,0.692,37.537,78.247,334.351
-1.114,-0.293,1.059,59.204,66.101,322.327
-1.791,-0.220,1.295,72.815,45.471,298.279
-2.383,-0.134,1.399,77.209,19.775,265.137
-2.819,-0.088,1.449,71.716,-2.136,220.276
-2.993,0.019,1.277,62.561,-18.433,162.292
-3.105,0.066,1.295,62.683,-37.415,99.731
-2.920,-0.048,1.393,54.077,-40.833,32.166
-2.067,-0.014,1.404,27.039,-23.987,-27.161
-1.340,-0.064,1.358,9.827,0.732,-71.106
-0.810,-0.035,1.391,-0.488,13.428,-107.727
-0.387,-0.130,1.275,-5.554,16.113,-138.550
-0.131,-0.160,1.143,-9.399,13.428,-156.006
0.072,-0.200,1.074,-11.841,4.333,-164.124
0.213,-0.246,1.005,-12.451,-5.981,-164.673
0.258,-0.220,1.015,-13.489,-19.348,-158.630
0.379,-0.217,0.978,-12.939,-25.757,-149.048
0.434,-0.147,0.922,-11.963,-28.442,-137.817
0.479,-0.153,0.857,-8.606,-29.175,-125.610
0.494,-0.072,0.825,-4.333,-28.809,-112.915
0.534,-0.160,0.799,0.610,-27.283,-101.135
0.488,0.007,0.798,19.348,-27.588,-86.548
0.439,0.179,0.810,26.794,-26.794,-81.116
0.469,-0.007,0.854,20.325,-25.635,-89.539
0.490,0.037,0.851,13.184,-22.034,-85.571
0.494,0.012,0.915,13.550,-16.785,-77.271
0.492,0.031,0.911,10.559,-12.207,-68.054
0.488,0.039,0.885,6.897,-9.399,-59.021
0.462,0.034,0.866,5.188,-7.263,-50.293
0.418,0.056,0.862,4.883,-5.798,-42.664
0.376,0.069,0.837,5.066,-4.639,-36.316
0.352,0.071,0.824,6.775,-3.479,-30.884
0.329,0.080,0.821,9.338,-2.502,-25.330
0.310,0.074,0.840,12.939,-2.930,-20.447
0.298,0.057,0.872,16.968,-3.662,-15.991
0.272,0.042,0.905,20.081,-4.822,-11.597
0.259,0.034,0.900,21.606,-5.798,-7.263
0.237,0.027,0.964,23.132,-7.568,-4.639
0.229,-0.019,1.028,24.719,-8.850,-2.747
0.199,-0.037,1.062,23.071,-8.240,-0.183
0.148,-0.052,1.104,20.203,-7.629,1.953
0.081,-0.073,1.138,17.517,-7.996,2.869
0.031,-0.078,1.130,13.489,-7.080,2.625
0.006,-0.053,1.077,8.911,-5.920,2.136
-0.002,-0.034,1.035,6.042,-4.639,1.770
0.007,-0.025,1.016,4.883,-3.052,1.587
0.030,-0.021,1.011,4.028,-0.977,1.465
0.058,-0.019,1.001,3.479,0.427,1.282
0.083,-0.010,0.979,2.747,0.732,1.099
0.100,0.001,0.954,2.197,-0.061,1.038
0.098,0.009,0.935,2.258,-1.221,1.282
0.088,0.014,0.932,2.930,-2.258,1.587
0.078,0.007,0.947,4.211,-2.808,1.831
0.067,-0.000,0.964,5.310,-2.869,1.953
0.053,-0.006,0.975,6.287,-2.747,1.770
0.040,-0.015,0.994,6.836,-2.625,1.709
0.036,-0.021,1.001,7.141,-2.258,2.014
0.040,-0.024,1.002,7.080,-1.892,2.136
0.050,-0.019,0.990,6.287,-1.404,1.892
0.062,-0.009,0.979,5.005,-1.404,1.709
0.068,-0.009,0.977,4.456,-1.282,1.160
0.069,-0.010,0.971,3.662,-0.854,0.610
0.064,-0.002,0.950,2.808,-0.549,0.427
0.069,0.007,0.936,2.197,-0.427,0.366
0.077,0.009,0.940,2.441,-0.671,0.244
0.084,0.005,0.943,3.113,-1.221,0.183
0.087,0.005,0.940,3.967,-1.282,0.671
0.083,0.007,0.938,4.944,-1.648,1.343
0.074,0.007,0.941,6.165,-2.197,1.892
0.066,0.004,0.943,7.385,-2.563,2.197
0.062,0.001,0.945,8.118,-2.808,2.319
0.060,0.002,0.945,8.606,-2.869,2.258
0.074,-0.008,0.975,9.033,-3.479,2.197
0.073,-0.021,0.979,9.155,-4.150,2.380
0.077,-0.020,0.973,7.385,-4.395,2.625
0.066,-0.007,0.966,6.714,-5.798,2.686
0.064,-0.014,0.950,5.493,-6.836,2.808
0.064,-0.008,0.946,4.822,-8.118,2.747
0.065,-0.009,0.946,4.333,-9.216,2.808
0.070,-0.003,0.935,3.540,-9.949,2.991
0.060,-0.003,0.948,3.723,-11.414,3.052
0.064,-0.015,0.943,3.601,-12.024,3.113
0.049,-0.005,0.954,2.563,-12.695,3.052
0.046,-0.014,0.955,1.526,-13.062,2.808
0.035,-0.023,0.972,-0.183,-12.817,2.502
0.022,-0.030,0.995,-2.319,-12.268,2.197
0.007,-0.021,1.002,-5.554,-11.108,1.953
0.005,-0.008,1.000,-9.705,-9.277,1.709
0.012,-0.004,1.028,-12.329,-8.118,1.831
0.001,-0.007,1.038,-14.465,-6.775,2.747
0.020,0.000,1.012,-12.573,-5.981,2.869
0.026,0.003,1.013,-14.343,-5.371,3.113
0.013,-0.001,1.003,-13.733,-4.578,5.615
0.027,0.010,0.991,-7.690,-4.822,4.395
0.024,0.019,0.992,-4.700,-4.456,2.319
0.025,0.019,0.986,-1.953,-3.113,2.075
0.024,0.023,0.983,-0.671,-2.502,1.953
0.025,0.022,0.972,0.305,-1.831,2.625
0.028,0.019,0.991,1.465,-1.648,3.113
0.024,0.022,0.979,1.587,-1.648,2.563
0.022,0.020,0.983,1.953,-1.282,2.380
0.023,0.019,0.979,2.258,-1.404,2.502
0.022,0.021,0.982,1.709,-1.343,2.380
0.021,0.020,0.978,1.404,-1.160,2.441
0.024,0.021,0.981,1.770,-1.038,2.014
0.025,0.022,0.978,1.892,-0.610,1.465
0.022,0.024,0.977,1.648,-0.671,1.343
0.024,0.024,0.980,1.160,-0.610,1.404
0.024,0.025,0.977,1.282,-0.549,1.526
0.023,0.024,0.978,1.648,-0.183,1.770
0.023,0.026,0.977,2.136,-0.122,1.648
1.375,-0.305,1.389,11.475,35.950,9.094
1.965,-0.295,1.414,17.090,62.317,49.255
2.203,-0.311,0.919,-5.981,83.862,97.107
2.041,-0.285,0.636,-19.165,80.566,147.034
1.820,-0.316,0.430,-16.602,82.642,196.655
1.435,-0.363,0.424,-7.019,73.242,237.000
1.002,-0.341,0.420,7.935,62.622,260.742
0.466,-0.370,0.559,24.414,50.781,274.048
-0.097,-0.302,0.725,40.344,37.537,278.564
-0.664,-0.261,0.936,51.147,26.001,271.545
-1.232,-0.162,1.146,58.472,9.460,255.249
-1.776,-0.185,1.359,59.692,-4.089,231.323
-2.249,-0.210,1.481,58.411,-12.146,199.768
-2.497,-0.253,1.441,50.354,-15.442,157.837
-2.538,-0.255,1.330,34.973,-16.174,108.826
-2.426,-0.219,1.235,19.958,-16.846,56.274
-2.015,-0.143,1.308,5.920,-16.541,2.930
-1.175,-0.104,1.285,-5.554,-5.981,-40.344
-0.670,-0.094,1.128,-15.930,7.446,-68.298
-0.426,-0.084,1.026,-20.630,10.376,-87.158
-0.399,-0.119,1.056,-23.071,-1.099,-99.915
-0.377,-0.156,1.046,-22.583,-13.855,-111.206
-0.384,-0.195,1.064,-19.714,-20.569,-125.244
-0.278,-0.251,1.088,-17.822,-20.081,-138.855
-0.226,-0.263,1.029,-17.639,-29.175,-146.667
-0.128,-0.256,1.020,-17.761,-35.767,-151.001
-0.064,-0.258,0.928,-17.395,-37.354,-151.550
0.030,-0.197,0.842,-16.968,-37.354,-148.926
0.162,-0.459,0.759,-14.282,-32.532,-142.395
-0.007,0.549,0.947,20.142,-25.879,-117.615
0.238,0.004,0.723,14.771,-21.973,-129.150
0.323,0.038,0.687,3.357,-26.184,-149.536
0.434,0.044,0.675,0.366,-20.630,-144.470
0.505,0.131,0.682,5.432,-16.602,-135.254
0.582,0.152,0.700,7.874,-13.306,-125.000
0.652,0.140,0.706,11.658,-12.756,-115.051
0.719,0.165,0.767,15.137,-10.498,-102.539
0.813,0.087,0.885,21.423,-8.545,-90.576
0.907,0.063,0.948,23.376,-6.714,-77.637
0.980,0.055,0.988,22.583,-2.686,-61.279
1.019,0.049,1.001,22.034,2.380,-41.016
0.988,0.053,0.984,20.630,7.080,-18.738
0.801,0.024,0.973,19.958,9.399,1.038
0.402,0.001,0.994,20.325,6.226,15.869
0.019,-0.013,1.040,20.630,-0.122,21.851
-0.205,-0.041,1.072,20.691,-5.127,19.592
-0.287,-0.051,1.038,18.921,-6.653,14.099
-0.279,-0.039,0.998,15.747,-6.897,7.935
-0.222,-0.030,0.971,14.771,-6.287,2.502
-0.108,0.007,0.904,13.062,-3.601,-0.793
0.021,0.027,0.845,12.085,-0.793,-2.441
0.103,0.052,0.814,12.695,0.122,-3.052
0.138,0.067,0.798,14.099,-0.244,-2.686
0.180,0.049,0.908,17.334,-2.930,-2.380
0.362,-0.147,1.376,23.499,-7.141,-1.709
0.004,-0.307,1.688,27.344,-16.296,1.404
-0.036,0.024,0.840,-6.653,-4.639,2.319
-0.062,-0.053,1.026,-2.136,-6.104,0.183
-0.084,-0.081,1.229,9.766,-13.000,1.526
-0.083,-0.035,0.968,-0.366,-1.160,3.296
0.012,0.000,0.961,-2.502,5.188,2.319
0.058,-0.025,1.009,4.028,3.174,2.136
0.072,0.016,0.904,0.549,3.662,1.404
0.070,0.010,0.931,1.404,-0.244,0.244
0.061,-0.001,0.963,2.441,-2.502,0.610
0.048,-0.001,0.957,1.587,-2.747,0.732
0.033,-0.005,0.977,2.075,-3.479,0.793
0.020,-0.005,0.990,3.113,-3.662,1.160
0.015,-0.011,0.995,4.211,-2.625,1.038
0.014,-0.022,1.000,5.981,-0.854,1.160
0.010,-0.023,0.991,6.226,0.854,1.648
0.011,-0.018,0.982,5.737,1.160,1.831
0.017,-0.014,0.977,5.249,0.122,2.136
0.022,-0.009,0.970,4.333,-0.854,2.075
0.026,-0.006,0.964,3.845,-1.465,1.953
0.030,-0.004,0.964,3.906,-1.465,1.892
0.035,-0.004,0.966,3.723,-1.282,1.709
0.035,-0.006,0.969,4.150,-1.648,1.648
0.030,-0.007,0.969,4.639,-2.014,1.587
0.029,-0.008,0.976,4.822,-2.319,1.587
0.024,-0.010,0.980,4.944,-2.502,1.587
0.017,-0.013,0.983,5.188,-2.014,1.709
0.013,-0.014,0.981,5.371,-1.526,1.831
0.013,-0.012,0.974,5.127,-0.854,1.831
0.017,-0.009,0.973,5.066,-0.671,1.770
0.023,-0.011,0.975,5.127,-0.793,1.587
0.024,-0.012,0.971,4.761,-1.160,1.587
0.025,-0.010,0.971,4.272,-1.831,1.648
0.024,-0.007,0.974,3.967,-2.258,1.587
0.023,-0.011,0.983,4.333,-2.380,1.709
0.020,-0.013,0.982,4.333,-1.953,1.770
0.019,-0.012,0.978,4.578,-1.465,1.770
0.019,-0.009,0.973,4.822,-1.221,1.770
0.020,-0.009,0.971,4.578,-1.038,1.770
0.016,-0.005,0.976,4.395,-1.160,1.953
0.021,-0.011,0.977,3.967,-0.916,1.892
0.020,-0.015,0.986,4.272,-0.916,1.892
0.016,-0.014,0.981,4.028,-0.854,1.892
0.017,-0.011,0.977,3.479,-0.854,1.770
0.017,-0.011,0.976,3.235,-0.732,1.831
0.020,-0.010,0.977,2.930,-0.977,1.831
0.021,-0.010,0.975,3.113,-1.038,1.892
0.022,-0.007,0.972,3.235,-0.854,1.831
0.022,-0.007,0.974,3.784,-0.977,2.075
0.023,-0.008,0.980,4.272,-0.916,1.892
0.023,-0.012,0.977,4.150,-0.671,1.831
0.019,-0.010,0.973,3.967,-0.671,1.831
0.018,-0.008,0.975,3.662,-0.427,1.770
0.020,-0.008,0.977,3.418,-0.305,1.770
0.020,-0.009,0.979,3.357,-0.427,1.953
0.021,-0.008,0.975,3.479,-0.305,1.831
0.021,-0.006,0.973,3.540,-0.549,1.831
0.021,-0.007,0.972,3.357,-0.916,1.770
0.022,-0.007,0.974,3.174,-0.793,1.831
0.020,-0.003,0.977,2.502,-0.732,2.014
0.018,-0.007,0.976,2.502,-0.732,1.892
0.018,-0.007,0.977,2.686,-0.488,2.014
0.020,-0.007,0.977,2.747,-0.305,1.953
0.021,-0.006,0.979,2.747,-0.183,2.014
